Season,Position,Club,games_home,wins_home,draws_home,losses_home,goals_for_home,goals_against_home,goal_diff_home,points_home,points_avg_home,xg_for_home,games_away,wins_away,draws_away,losses_away,goals_for_away,goals_against_away,goal_diff_away,points_away,points_avg_away,xg_for_away,xg_against_away
2000-2001,1,Manchester Utd,19,15,2,2,,,,47,2.47,,19,9,6,4,,,,33,1.74,,
2000-2001,2,Arsenal,19,15,3,1,,,,48,2.53,,19,5,7,7,,,,22,1.16,,
2000-2001,3,Liverpool,19,13,4,2,,,,43,2.26,,19,7,5,7,,,,26,1.37,,
2000-2001,4,Leeds United,19,11,3,5,,,,36,1.89,,19,9,5,5,,,,32,1.68,,
2000-2001,5,Ipswich Town,19,11,5,3,,,,38,2.00,,19,9,1,9,,,,28,1.47,,
2000-2001,6,Chelsea,19,13,3,3,,,,42,2.21,,19,4,7,8,,,,19,1.00,,
2000-2001,7,Sunderland,19,9,7,3,,,,34,1.79,,19,6,5,8,,,,23,1.21,,
2000-2001,8,Aston Villa,19,8,8,3,,,,32,1.68,,19,5,7,7,,,,22,1.16,,
2000-2001,9,Charlton Ath,19,11,5,3,,,,38,2.00,,19,3,5,11,,,,14,0.74,,
2000-2001,10,Southampton,19,11,2,6,,,,35,1.84,,19,3,8,8,,,,17,0.89,,
2000-2001,11,Newcastle Utd,19,10,4,5,,,,34,1.79,,19,4,5,10,,,,17,0.89,,
2000-2001,12,Tottenham,19,11,6,2,,,,39,2.05,,19,2,4,13,,,,10,0.53,,
2000-2001,13,Leicester City,19,10,4,5,,,,34,1.79,,19,4,2,13,,,,14,0.74,,
2000-2001,14,Middlesbrough,19,4,7,8,,,,19,1.00,,19,5,8,6,,,,23,1.21,,
2000-2001,15,West Ham,19,6,6,7,,,,24,1.26,,19,4,6,9,,,,18,0.95,,
2000-2001,16,Everton,19,6,8,5,,,,26,1.37,,19,5,1,13,,,,16,0.84,,
2000-2001,17,Derby County,19,8,7,4,,,,31,1.63,,19,2,5,12,,,,11,0.58,,
2000-2001,18,Manchester City,19,4,3,12,,,,15,0.79,,19,4,7,8,,,,19,1.00,,
2000-2001,19,Coventry City,19,4,7,8,,,,19,1.00,,19,4,3,12,,,,15,0.79,,
2000-2001,20,Bradford City,19,4,7,8,,,,19,1.00,,19,1,4,14,,,,7,0.37,,
2001-2002,1,Arsenal,19,12,4,3,,,,40,2.11,,19,14,5,0,,,,47,2.47,,
2001-2002,2,Liverpool,19,12,5,2,,,,41,2.16,,19,12,3,4,,,,39,2.05,,
2001-2002,3,Manchester Utd,19,11,2,6,,,,35,1.84,,19,13,3,3,,,,42,2.21,,
2001-2002,4,Newcastle Utd,19,12,3,4,,,,39,2.05,,19,9,5,5,,,,32,1.68,,
2001-2002,5,Leeds United,19,9,6,4,,,,33,1.74,,19,9,6,4,,,,33,1.74,,
2001-2002,6,Chelsea,19,11,4,4,,,,37,1.95,,19,6,9,4,,,,27,1.42,,
2001-2002,7,West Ham,19,12,4,3,,,,40,2.11,,19,3,4,12,,,,13,0.68,,
2001-2002,8,Aston Villa,19,8,7,4,,,,31,1.63,,19,4,7,8,,,,19,1.00,,
2001-2002,9,Tottenham,19,10,4,5,,,,34,1.79,,19,4,4,11,,,,16,0.84,,
2001-2002,10,Blackburn,19,8,6,5,,,,30,1.58,,19,4,4,11,,,,16,0.84,,
2001-2002,11,Southampton,19,7,5,7,,,,26,1.37,,19,5,4,10,,,,19,1.00,,
2001-2002,12,Middlesbrough,19,7,5,7,,,,26,1.37,,19,5,4,10,,,,19,1.00,,
2001-2002,13,Fulham,19,7,7,5,,,,28,1.47,,19,3,7,9,,,,16,0.84,,
2001-2002,14,Charlton Ath,19,5,6,8,,,,21,1.11,,19,5,8,6,,,,23,1.21,,
2001-2002,15,Everton,19,8,4,7,,,,28,1.47,,19,3,6,10,,,,15,0.79,,
2001-2002,16,Bolton,19,5,7,7,,,,22,1.16,,19,4,6,9,,,,18,0.95,,
2001-2002,17,Sunderland,19,7,7,5,,,,28,1.47,,19,3,3,13,,,,12,0.63,,
2001-2002,18,Ipswich Town,19,6,4,9,,,,22,1.16,,19,3,5,11,,,,14,0.74,,
2001-2002,19,Derby County,19,5,4,10,,,,19,1.00,,19,3,2,14,,,,11,0.58,,
2001-2002,20,Leicester City,19,3,7,9,,,,16,0.84,,19,2,6,11,,,,12,0.63,,
2002-2003,1,Manchester Utd,19,16,2,1,,,,50,2.63,,19,9,6,4,,,,33,1.74,,
2002-2003,2,Arsenal,19,15,2,2,,,,47,2.47,,19,8,7,4,,,,31,1.63,,
2002-2003,3,Newcastle Utd,19,15,2,2,,,,47,2.47,,19,6,4,9,,,,22,1.16,,
2002-2003,4,Chelsea,19,12,5,2,,,,41,2.16,,19,7,5,7,,,,26,1.37,,
2002-2003,5,Liverpool,19,9,8,2,,,,35,1.84,,19,9,2,8,,,,29,1.53,,
2002-2003,6,Blackburn,19,9,7,3,,,,34,1.79,,19,7,5,7,,,,26,1.37,,
2002-2003,7,Everton,19,11,5,3,,,,38,2.00,,19,6,3,10,,,,21,1.11,,
2002-2003,8,Southampton,19,9,8,2,,,,35,1.84,,19,4,5,10,,,,17,0.89,,
2002-2003,9,Manchester City,19,9,2,8,,,,29,1.53,,19,6,4,9,,,,22,1.16,,
2002-2003,10,Tottenham,19,9,4,6,,,,31,1.63,,19,5,4,10,,,,19,1.00,,
2002-2003,11,Middlesbrough,19,10,7,2,,,,37,1.95,,19,3,3,13,,,,12,0.63,,
2002-2003,12,Charlton Ath,19,8,3,8,,,,27,1.42,,19,6,4,9,,,,22,1.16,,
2002-2003,13,Birmingham City,19,8,5,6,,,,29,1.53,,19,5,4,10,,,,19,1.00,,
2002-2003,14,Fulham,19,11,3,5,,,,36,1.89,,19,2,6,11,,,,12,0.63,,
2002-2003,15,Leeds United,19,7,3,9,,,,24,1.26,,19,7,2,10,,,,23,1.21,,
2002-2003,16,Aston Villa,19,11,2,6,,,,35,1.84,,19,1,7,11,,,,10,0.53,,
2002-2003,17,Bolton,19,7,8,4,,,,29,1.53,,19,3,6,10,,,,15,0.79,,
2002-2003,18,West Ham,19,5,7,7,,,,22,1.16,,19,5,5,9,,,,20,1.05,,
2002-2003,19,West Brom,19,3,5,11,,,,14,0.74,,19,3,3,13,,,,12,0.63,,
2002-2003,20,Sunderland,19,3,2,14,,,,11,0.58,,19,1,5,13,,,,8,0.42,,
2003-2004,1,Arsenal,19,15,4,0,,,,49,2.58,,19,11,8,0,,,,41,2.16,,
2003-2004,2,Chelsea,19,12,4,3,,,,40,2.11,,19,12,3,4,,,,39,2.05,,
2003-2004,3,Manchester Utd,19,12,4,3,,,,40,2.11,,19,11,2,6,,,,35,1.84,,
2003-2004,4,Liverpool,19,10,4,5,,,,34,1.79,,19,6,8,5,,,,26,1.37,,
2003-2004,5,Newcastle Utd,19,11,5,3,,,,38,2.00,,19,2,12,5,,,,18,0.95,,
2003-2004,6,Aston Villa,19,9,6,4,,,,33,1.74,,19,6,5,8,,,,23,1.21,,
2003-2004,7,Charlton Ath,19,7,6,6,,,,27,1.42,,19,7,5,7,,,,26,1.37,,
2003-2004,8,Bolton,19,6,8,5,,,,26,1.37,,19,8,3,8,,,,27,1.42,,
2003-2004,9,Fulham,19,9,4,6,,,,31,1.63,,19,5,6,8,,,,21,1.11,,
2003-2004,10,Birmingham City,19,8,5,6,,,,29,1.53,,19,4,9,6,,,,21,1.11,,
2003-2004,11,Middlesbrough,19,8,4,7,,,,28,1.47,,19,5,5,9,,,,20,1.05,,
2003-2004,12,Southampton,19,8,6,5,,,,30,1.58,,19,4,5,10,,,,17,0.89,,
2003-2004,13,Portsmouth,19,10,4,5,,,,34,1.79,,19,2,5,12,,,,11,0.58,,
2003-2004,14,Tottenham,19,9,4,6,,,,31,1.63,,19,4,2,13,,,,14,0.74,,
2003-2004,15,Blackburn,19,5,4,10,,,,19,1.00,,19,7,4,8,,,,25,1.32,,
2003-2004,16,Manchester City,19,5,9,5,,,,24,1.26,,19,4,5,10,,,,17,0.89,,
2003-2004,17,Everton,19,8,5,6,,,,29,1.53,,19,1,7,11,,,,10,0.53,,
2003-2004,18,Leicester City,19,3,10,6,,,,19,1.00,,19,3,5,11,,,,14,0.74,,
2003-2004,19,Leeds United,19,5,7,7,,,,22,1.16,,19,3,2,14,,,,11,0.58,,
2003-2004,20,Wolves,19,7,5,7,,,,26,1.37,,19,0,7,12,,,,7,0.37,,
2004-2005,1,Chelsea,19,14,5,0,,,,47,2.47,,19,15,3,1,,,,48,2.53,,
2004-2005,2,Arsenal,19,13,5,1,,,,44,2.32,,19,12,3,4,,,,39,2.05,,
2004-2005,3,Manchester Utd,19,12,6,1,,,,42,2.21,,19,10,5,4,,,,35,1.84,,
2004-2005,4,Everton,19,12,2,5,,,,38,2.00,,19,6,5,8,,,,23,1.21,,
2004-2005,5,Liverpool,19,12,4,3,,,,40,2.11,,19,5,3,11,,,,18,0.95,,
2004-2005,6,Bolton,19,9,5,5,,,,32,1.68,,19,7,5,7,,,,26,1.37,,
2004-2005,7,Middlesbrough,19,9,6,4,,,,33,1.74,,19,5,7,7,,,,22,1.16,,
2004-2005,8,Manchester City,19,8,6,5,,,,30,1.58,,19,5,7,7,,,,22,1.16,,
2004-2005,9,Tottenham,19,9,5,5,,,,32,1.68,,19,5,5,9,,,,20,1.05,,
2004-2005,10,Aston Villa,19,8,6,5,,,,30,1.58,,19,4,5,10,,,,17,0.89,,
2004-2005,11,Charlton Ath,19,8,4,7,,,,28,1.47,,19,4,6,9,,,,18,0.95,,
2004-2005,12,Birmingham City,19,8,6,5,,,,30,1.58,,19,3,6,10,,,,15,0.79,,
2004-2005,13,Fulham,19,8,4,7,,,,28,1.47,,19,4,4,11,,,,16,0.84,,
2004-2005,14,Newcastle Utd,19,7,7,5,,,,28,1.47,,19,3,7,9,,,,16,0.84,,
2004-2005,15,Blackburn,19,5,8,6,,,,23,1.21,,19,4,7,8,,,,19,1.00,,
2004-2005,16,Portsmouth,19,8,4,7,,,,28,1.47,,19,2,5,12,,,,11,0.58,,
2004-2005,17,West Brom,19,5,8,6,,,,23,1.21,,19,1,8,10,,,,11,0.58,,
2004-2005,18,Crystal Palace,19,6,5,8,,,,23,1.21,,19,1,7,11,,,,10,0.53,,
2004-2005,19,Norwich City,19,7,5,7,,,,26,1.37,,19,0,7,12,,,,7,0.37,,
2004-2005,20,Southampton,19,5,9,5,,,,24,1.26,,19,1,5,13,,,,8,0.42,,
2005-2006,1,Chelsea,19,18,1,0,,,,55,2.89,,19,11,3,5,,,,36,1.89,,
2005-2006,2,Manchester Utd,19,13,5,1,,,,44,2.32,,19,12,3,4,,,,39,2.05,,
2005-2006,3,Liverpool,19,15,3,1,,,,48,2.53,,19,10,4,5,,,,34,1.79,,
2005-2006,4,Arsenal,19,14,3,2,,,,45,2.37,,19,6,4,9,,,,22,1.16,,
2005-2006,5,Tottenham,19,12,5,2,,,,41,2.16,,19,6,6,7,,,,24,1.26,,
2005-2006,6,Blackburn,19,13,3,3,,,,42,2.21,,19,6,3,10,,,,21,1.11,,
2005-2006,7,Newcastle Utd,19,11,5,3,,,,38,2.00,,19,6,2,11,,,,20,1.05,,
2005-2006,8,Bolton,19,11,5,3,,,,38,2.00,,19,4,6,9,,,,18,0.95,,
2005-2006,9,West Ham,19,9,3,7,,,,30,1.58,,19,7,4,8,,,,25,1.32,,
2005-2006,10,Wigan Athletic,19,7,3,9,,,,24,1.26,,19,8,3,8,,,,27,1.42,,
2005-2006,11,Everton,19,8,4,7,,,,28,1.47,,19,6,4,9,,,,22,1.16,,
2005-2006,12,Fulham,19,13,2,4,,,,41,2.16,,19,1,4,14,,,,7,0.37,,
2005-2006,13,Charlton Ath,19,8,4,7,,,,28,1.47,,19,5,4,10,,,,19,1.00,,
2005-2006,14,Middlesbrough,19,7,5,7,,,,26,1.37,,19,5,4,10,,,,19,1.00,,
2005-2006,15,Manchester City,19,9,2,8,,,,29,1.53,,19,4,2,13,,,,14,0.74,,
2005-2006,16,Aston Villa,19,6,6,7,,,,24,1.26,,19,4,6,9,,,,18,0.95,,
2005-2006,17,Portsmouth,19,5,7,7,,,,22,1.16,,19,5,1,13,,,,16,0.84,,
2005-2006,18,Birmingham City,19,6,5,8,,,,23,1.21,,19,2,5,12,,,,11,0.58,,
2005-2006,19,West Brom,19,6,2,11,,,,20,1.05,,19,1,7,11,,,,10,0.53,,
2005-2006,20,Sunderland,19,1,4,14,,,,7,0.37,,19,2,2,15,,,,8,0.42,,
2006-2007,1,Manchester Utd,19,15,2,2,,,,47,2.47,,19,13,3,3,,,,42,2.21,,
2006-2007,2,Chelsea,19,12,7,0,,,,43,2.26,,19,12,4,3,,,,40,2.11,,
2006-2007,3,Liverpool,19,14,4,1,,,,46,2.42,,19,6,4,9,,,,22,1.16,,
2006-2007,4,Arsenal,19,12,6,1,,,,42,2.21,,19,7,5,7,,,,26,1.37,,
2006-2007,5,Tottenham,19,12,3,4,,,,39,2.05,,19,5,6,8,,,,21,1.11,,
2006-2007,6,Everton,19,11,4,4,,,,37,1.95,,19,4,9,6,,,,21,1.11,,
2006-2007,7,Bolton,19,9,5,5,,,,32,1.68,,19,7,3,9,,,,24,1.26,,
2006-2007,8,Reading,19,11,2,6,,,,35,1.84,,19,5,5,9,,,,20,1.05,,
2006-2007,9,Portsmouth,19,11,5,3,,,,38,2.00,,19,3,7,9,,,,16,0.84,,
2006-2007,10,Blackburn,19,9,3,7,,,,30,1.58,,19,6,4,9,,,,22,1.16,,
2006-2007,11,Aston Villa,19,7,8,4,,,,29,1.53,,19,4,9,6,,,,21,1.11,,
2006-2007,12,Middlesbrough,19,10,3,6,,,,33,1.74,,19,2,7,10,,,,13,0.68,,
2006-2007,13,Newcastle Utd,19,7,7,5,,,,28,1.47,,19,4,3,12,,,,15,0.79,,
2006-2007,14,Manchester City,19,5,6,8,,,,21,1.11,,19,6,3,10,,,,21,1.11,,
2006-2007,15,West Ham,19,8,2,9,,,,26,1.37,,19,4,3,12,,,,15,0.79,,
2006-2007,16,Fulham,19,7,7,5,,,,28,1.47,,19,1,8,10,,,,11,0.58,,
2006-2007,17,Wigan Athletic,19,5,4,10,,,,19,1.00,,19,5,4,10,,,,19,1.00,,
2006-2007,18,Sheffield Utd,19,7,6,6,,,,27,1.42,,19,3,2,14,,,,11,0.58,,
2006-2007,19,Charlton Ath,19,7,5,7,,,,26,1.37,,19,1,5,13,,,,8,0.42,,
2006-2007,20,Watford,19,3,9,7,,,,18,0.95,,19,2,4,13,,,,10,0.53,,
2007-2008,1,Manchester Utd,19,17,1,1,,,,52,2.74,,19,10,5,4,,,,35,1.84,,
2007-2008,2,Chelsea,19,12,7,0,,,,43,2.26,,19,13,3,3,,,,42,2.21,,
2007-2008,3,Arsenal,19,14,5,0,,,,47,2.47,,19,10,6,3,,,,36,1.89,,
2007-2008,4,Liverpool,19,12,6,1,,,,42,2.21,,19,9,7,3,,,,34,1.79,,
2007-2008,5,Everton,19,11,4,4,,,,37,1.95,,19,8,4,7,,,,28,1.47,,
2007-2008,6,Aston Villa,19,10,3,6,,,,33,1.74,,19,6,9,4,,,,27,1.42,,
2007-2008,7,Blackburn,19,8,7,4,,,,31,1.63,,19,7,6,6,,,,27,1.42,,
2007-2008,8,Portsmouth,19,7,8,4,,,,29,1.53,,19,9,1,9,,,,28,1.47,,
2007-2008,9,Manchester City,19,11,4,4,,,,37,1.95,,19,4,6,9,,,,18,0.95,,
2007-2008,10,West Ham,19,7,7,5,,,,28,1.47,,19,6,3,10,,,,21,1.11,,
2007-2008,11,Tottenham,19,8,5,6,,,,29,1.53,,19,3,8,8,,,,17,0.89,,
2007-2008,12,Newcastle Utd,19,8,5,6,,,,29,1.53,,19,3,5,11,,,,14,0.74,,
2007-2008,13,Middlesbrough,19,7,5,7,,,,26,1.37,,19,3,7,9,,,,16,0.84,,
2007-2008,14,Wigan Athletic,19,8,5,6,,,,29,1.53,,19,2,5,12,,,,11,0.58,,
2007-2008,15,Sunderland,19,9,3,7,,,,30,1.58,,19,2,3,14,,,,9,0.47,,
2007-2008,16,Bolton,19,7,5,7,,,,26,1.37,,19,2,5,12,,,,11,0.58,,
2007-2008,17,Fulham,19,5,5,9,,,,20,1.05,,19,3,7,9,,,,16,0.84,,
2007-2008,18,Reading,19,8,2,9,,,,26,1.37,,19,2,4,13,,,,10,0.53,,
2007-2008,19,Birmingham City,19,6,8,5,,,,26,1.37,,19,2,3,14,,,,9,0.47,,
2007-2008,20,Derby County,19,1,5,13,,,,8,0.42,,19,0,3,16,,,,3,0.16,,
2008-2009,1,Manchester Utd,19,16,2,1,,,,50,2.63,,19,12,4,3,,,,40,2.11,,
2008-2009,2,Liverpool,19,12,7,0,,,,43,2.26,,19,13,4,2,,,,43,2.26,,
2008-2009,3,Chelsea,19,11,6,2,,,,39,2.05,,19,14,2,3,,,,44,2.32,,
2008-2009,4,Arsenal,19,11,5,3,,,,38,2.00,,19,9,7,3,,,,34,1.79,,
2008-2009,5,Everton,19,8,6,5,,,,30,1.58,,19,9,6,4,,,,33,1.74,,
2008-2009,6,Aston Villa,19,7,9,3,,,,30,1.58,,19,10,2,7,,,,32,1.68,,
2008-2009,7,Fulham,19,11,3,5,,,,36,1.89,,19,3,8,8,,,,17,0.89,,
2008-2009,8,Tottenham,19,10,5,4,,,,35,1.84,,19,4,4,11,,,,16,0.84,,
2008-2009,9,West Ham,19,9,2,8,,,,29,1.53,,19,5,7,7,,,,22,1.16,,
2008-2009,10,Manchester City,19,13,0,6,,,,39,2.05,,19,2,5,12,,,,11,0.58,,
2008-2009,11,Wigan Athletic,19,8,5,6,,,,29,1.53,,19,4,4,11,,,,16,0.84,,
2008-2009,12,Stoke City,19,10,5,4,,,,35,1.84,,19,2,4,13,,,,10,0.53,,
2008-2009,13,Bolton,19,7,5,7,,,,26,1.37,,19,4,3,12,,,,15,0.79,,
2008-2009,14,Portsmouth,19,8,3,8,,,,27,1.42,,19,2,8,9,,,,14,0.74,,
2008-2009,15,Blackburn,19,6,7,6,,,,25,1.32,,19,4,4,11,,,,16,0.84,,
2008-2009,16,Sunderland,19,6,3,10,,,,21,1.11,,19,3,6,10,,,,15,0.79,,
2008-2009,17,Hull City,19,3,5,11,,,,14,0.74,,19,5,6,8,,,,21,1.11,,
2008-2009,18,Newcastle Utd,19,5,7,7,,,,22,1.16,,19,2,6,11,,,,12,0.63,,
2008-2009,19,Middlesbrough,19,5,9,5,,,,24,1.26,,19,2,2,15,,,,8,0.42,,
2008-2009,20,West Brom,19,7,3,9,,,,24,1.26,,19,1,5,13,,,,8,0.42,,
2009-2010,1,Chelsea,19,17,1,1,,,,52,2.74,,19,10,4,5,,,,34,1.79,,
2009-2010,2,Manchester Utd,19,16,1,2,,,,49,2.58,,19,11,3,5,,,,36,1.89,,
2009-2010,3,Arsenal,19,15,2,2,,,,47,2.47,,19,8,4,7,,,,28,1.47,,
2009-2010,4,Tottenham,19,14,2,3,,,,44,2.32,,19,7,5,7,,,,26,1.37,,
2009-2010,5,Manchester City,19,12,4,3,,,,40,2.11,,19,6,9,4,,,,27,1.42,,
2009-2010,6,Aston Villa,19,8,8,3,,,,32,1.68,,19,9,5,5,,,,32,1.68,,
2009-2010,7,Liverpool,19,13,3,3,,,,42,2.21,,19,5,6,8,,,,21,1.11,,
2009-2010,8,Everton,19,11,6,2,,,,39,2.05,,19,5,7,7,,,,22,1.16,,
2009-2010,9,Birmingham City,19,8,9,2,,,,33,1.74,,19,5,2,12,,,,17,0.89,,
2009-2010,10,Blackburn,19,10,6,3,,,,36,1.89,,19,3,5,11,,,,14,0.74,,
2009-2010,11,Stoke City,19,7,6,6,,,,27,1.42,,19,4,8,7,,,,20,1.05,,
2009-2010,12,Fulham,19,11,3,5,,,,36,1.89,,19,1,7,11,,,,10,0.53,,
2009-2010,13,Sunderland,19,9,7,3,,,,34,1.79,,19,2,4,13,,,,10,0.53,,
2009-2010,14,Bolton,19,6,6,7,,,,24,1.26,,19,4,3,12,,,,15,0.79,,
2009-2010,15,Wolves,19,5,6,8,,,,21,1.11,,19,4,5,10,,,,17,0.89,,
2009-2010,16,Wigan Athletic,19,6,7,6,,,,25,1.32,,19,3,2,14,,,,11,0.58,,
2009-2010,17,West Ham,19,7,5,7,,,,26,1.37,,19,1,6,12,,,,9,0.47,,
2009-2010,18,Burnley,19,7,5,7,,,,26,1.37,,19,1,1,17,,,,4,0.21,,
2009-2010,19,Hull City,19,6,6,7,,,,24,1.26,,19,0,6,13,,,,6,0.32,,
2009-2010,20,Portsmouth,19,5,3,11,,,,18,0.95,,19,2,4,13,,,,10,0.53,,
2010-2011,1,Manchester Utd,19,18,1,0,,,,55,2.89,,19,5,10,4,,,,25,1.32,,
2010-2011,2,Chelsea,19,14,3,2,,,,45,2.37,,19,7,5,7,,,,26,1.37,,
2010-2011,3,Manchester City,19,13,4,2,,,,43,2.26,,19,8,4,7,,,,28,1.47,,
2010-2011,4,Arsenal,19,11,4,4,,,,37,1.95,,19,8,7,4,,,,31,1.63,,
2010-2011,5,Tottenham,19,9,9,1,,,,36,1.89,,19,7,5,7,,,,26,1.37,,
2010-2011,6,Liverpool,19,12,4,3,,,,40,2.11,,19,5,3,11,,,,18,0.95,,
2010-2011,7,Everton,19,9,7,3,,,,34,1.79,,19,4,8,7,,,,20,1.05,,
2010-2011,8,Fulham,19,8,7,4,,,,31,1.63,,19,3,9,7,,,,18,0.95,,
2010-2011,9,Aston Villa,19,8,7,4,,,,31,1.63,,19,4,5,10,,,,17,0.89,,
2010-2011,10,Sunderland,19,7,5,7,,,,26,1.37,,19,5,6,8,,,,21,1.11,,
2010-2011,11,West Brom,19,8,6,5,,,,30,1.58,,19,4,5,10,,,,17,0.89,,
2010-2011,12,Newcastle Utd,19,6,8,5,,,,26,1.37,,19,5,5,9,,,,20,1.05,,
2010-2011,13,Stoke City,19,10,4,5,,,,34,1.79,,19,3,3,13,,,,12,0.63,,
2010-2011,14,Bolton,19,10,5,4,,,,35,1.84,,19,2,5,12,,,,11,0.58,,
2010-2011,15,Blackburn,19,7,7,5,,,,28,1.47,,19,4,3,12,,,,15,0.79,,
2010-2011,16,Wigan Athletic,19,5,8,6,,,,23,1.21,,19,4,7,8,,,,19,1.00,,
2010-2011,17,Wolves,19,8,4,7,,,,28,1.47,,19,3,3,13,,,,12,0.63,,
2010-2011,18,Birmingham City,19,6,8,5,,,,26,1.37,,19,2,7,10,,,,13,0.68,,
2010-2011,19,Blackpool,19,5,5,9,,,,20,1.05,,19,5,4,10,,,,19,1.00,,
2010-2011,20,West Ham,19,5,5,9,,,,20,1.05,,19,2,7,10,,,,13,0.68,,
2011-2012,1,Manchester City,19,18,1,0,,,,55,2.89,,19,10,4,5,,,,34,1.79,,
2011-2012,2,Manchester Utd,19,15,2,2,,,,47,2.47,,19,13,3,3,,,,42,2.21,,
2011-2012,3,Arsenal,19,12,4,3,,,,40,2.11,,19,9,3,7,,,,30,1.58,,
2011-2012,4,Tottenham,19,13,3,3,,,,42,2.21,,19,7,6,6,,,,27,1.42,,
2011-2012,5,Newcastle Utd,19,11,5,3,,,,38,2.00,,19,8,3,8,,,,27,1.42,,
2011-2012,6,Chelsea,19,12,3,4,,,,39,2.05,,19,6,7,6,,,,25,1.32,,
2011-2012,7,Everton,19,10,3,6,,,,33,1.74,,19,5,8,6,,,,23,1.21,,
2011-2012,8,Liverpool,19,6,9,4,,,,27,1.42,,19,8,1,10,,,,25,1.32,,
2011-2012,9,Fulham,19,10,5,4,,,,35,1.84,,19,4,5,10,,,,17,0.89,,
2011-2012,10,West Brom,19,6,3,10,,,,21,1.11,,19,7,5,7,,,,26,1.37,,
2011-2012,11,Swansea City,19,8,7,4,,,,31,1.63,,19,4,4,11,,,,16,0.84,,
2011-2012,12,Norwich City,19,7,6,6,,,,27,1.42,,19,5,5,9,,,,20,1.05,,
2011-2012,13,Sunderland,19,7,7,5,,,,28,1.47,,19,4,5,10,,,,17,0.89,,
2011-2012,14,Stoke City,19,7,8,4,,,,29,1.53,,19,4,4,11,,,,16,0.84,,
2011-2012,15,Wigan Athletic,19,5,7,7,,,,22,1.16,,19,6,3,10,,,,21,1.11,,
2011-2012,16,Aston Villa,19,4,7,8,,,,19,1.00,,19,3,10,6,,,,19,1.00,,
2011-2012,17,QPR,19,7,5,7,,,,26,1.37,,19,3,2,14,,,,11,0.58,,
2011-2012,18,Bolton,19,4,4,11,,,,16,0.84,,19,6,2,11,,,,20,1.05,,
2011-2012,19,Blackburn,19,6,1,12,,,,19,1.00,,19,2,6,11,,,,12,0.63,,
2011-2012,20,Wolves,19,3,3,13,,,,12,0.63,,19,2,7,10,,,,13,0.68,,
2012-2013,1,Manchester Utd,19,16,0,3,,,,48,2.53,,19,12,5,2,,,,41,2.16,,
2012-2013,2,Manchester City,19,14,3,2,,,,45,2.37,,19,9,6,4,,,,33,1.74,,
2012-2013,3,Chelsea,19,12,5,2,,,,41,2.16,,19,10,4,5,,,,34,1.79,,
2012-2013,4,Arsenal,19,11,5,3,,,,38,2.00,,19,10,5,4,,,,35,1.84,,
2012-2013,5,Tottenham,19,11,5,3,,,,38,2.00,,19,10,4,5,,,,34,1.79,,
2012-2013,6,Everton,19,12,6,1,,,,42,2.21,,19,4,9,6,,,,21,1.11,,
2012-2013,7,Liverpool,19,9,6,4,,,,33,1.74,,19,7,7,5,,,,28,1.47,,
2012-2013,8,West Brom,19,9,4,6,,,,31,1.63,,19,5,3,11,,,,18,0.95,,
2012-2013,9,Swansea City,19,6,8,5,,,,26,1.37,,19,5,5,9,,,,20,1.05,,
2012-2013,10,West Ham,19,9,6,4,,,,33,1.74,,19,3,4,12,,,,13,0.68,,
2012-2013,11,Norwich City,19,8,7,4,,,,31,1.63,,19,2,7,10,,,,13,0.68,,
2012-2013,12,Fulham,19,7,3,9,,,,24,1.26,,19,4,7,8,,,,19,1.00,,
2012-2013,13,Stoke City,19,7,7,5,,,,28,1.47,,19,2,8,9,,,,14,0.74,,
2012-2013,14,Southampton,19,6,7,6,,,,25,1.32,,19,3,7,9,,,,16,0.84,,
2012-2013,15,Aston Villa,19,5,5,9,,,,20,1.05,,19,5,6,8,,,,21,1.11,,
2012-2013,16,Newcastle Utd,19,9,1,9,,,,28,1.47,,19,2,7,10,,,,13,0.68,,
2012-2013,17,Sunderland,19,5,8,6,,,,23,1.21,,19,4,4,11,,,,16,0.84,,
2012-2013,18,Wigan Athletic,19,4,6,9,,,,18,0.95,,19,5,3,11,,,,18,0.95,,
2012-2013,19,Reading,19,4,8,7,,,,20,1.05,,19,2,2,15,,,,8,0.42,,
2012-2013,20,QPR,19,2,8,9,,,,14,0.74,,19,2,5,12,,,,11,0.58,,
2013-2014,1,Manchester City,19,17,1,1,,,,52,2.74,,19,10,4,5,,,,34,1.79,,
2013-2014,2,Liverpool,19,16,1,2,,,,49,2.58,,19,10,5,4,,,,35,1.84,,
2013-2014,3,Chelsea,19,15,3,1,,,,48,2.53,,19,10,4,5,,,,34,1.79,,
2013-2014,4,Arsenal,19,13,5,1,,,,44,2.32,,19,11,2,6,,,,35,1.84,,
2013-2014,5,Everton,19,13,3,3,,,,42,2.21,,19,8,6,5,,,,30,1.58,,
2013-2014,6,Tottenham,19,11,3,5,,,,36,1.89,,19,10,3,6,,,,33,1.74,,
2013-2014,7,Manchester Utd,19,9,3,7,,,,30,1.58,,19,10,4,5,,,,34,1.79,,
2013-2014,8,Southampton,19,8,6,5,,,,30,1.58,,19,7,5,7,,,,26,1.37,,
2013-2014,9,Stoke City,19,10,6,3,,,,36,1.89,,19,3,5,11,,,,14,0.74,,
2013-2014,10,Newcastle Utd,19,8,3,8,,,,27,1.42,,19,7,1,11,,,,22,1.16,,
2013-2014,11,Crystal Palace,19,8,3,8,,,,27,1.42,,19,5,3,11,,,,18,0.95,,
2013-2014,12,Swansea City,19,6,5,8,,,,23,1.21,,19,5,4,10,,,,19,1.00,,
2013-2014,13,West Ham,19,7,3,9,,,,24,1.26,,19,4,4,11,,,,16,0.84,,
2013-2014,14,Sunderland,19,5,3,11,,,,18,0.95,,19,5,5,9,,,,20,1.05,,
2013-2014,15,Aston Villa,19,6,3,10,,,,21,1.11,,19,4,5,10,,,,17,0.89,,
2013-2014,16,Hull City,19,7,4,8,,,,25,1.32,,19,3,3,13,,,,12,0.63,,
2013-2014,17,West Brom,19,4,9,6,,,,21,1.11,,19,3,6,10,,,,15,0.79,,
2013-2014,18,Norwich City,19,6,6,7,,,,24,1.26,,19,2,3,14,,,,9,0.47,,
2013-2014,19,Fulham,19,5,3,11,,,,18,0.95,,19,4,2,13,,,,14,0.74,,
2013-2014,20,Cardiff City,19,5,5,9,,,,20,1.05,,19,2,4,13,,,,10,0.53,,
2014-2015,1,Chelsea,19,15,4,0,36,9,+27,49,2.58,,19,11,5,3,37,23,+14,38,2.00,,
2014-2015,2,Manchester City,19,14,3,2,44,14,+30,45,2.37,,19,10,4,5,39,24,+15,34,1.79,,
2014-2015,3,Arsenal,19,12,5,2,41,14,+27,41,2.16,,19,10,4,5,30,22,+8,34,1.79,,
2014-2015,4,Manchester Utd,19,14,2,3,41,15,+26,44,2.32,,19,6,8,5,21,22,-1,26,1.37,,
2014-2015,5,Tottenham,19,10,3,6,31,24,+7,33,1.74,,19,9,4,6,27,29,-2,31,1.63,,
2014-2015,6,Liverpool,19,10,5,4,30,20,+10,35,1.84,,19,8,3,8,22,28,-6,27,1.42,,
2014-2015,7,Southampton,19,11,4,4,37,13,+24,37,1.95,,19,7,2,10,17,20,-3,23,1.21,,
2014-2015,8,Swansea City,19,9,5,5,27,22,+5,32,1.68,,19,7,3,9,19,27,-8,24,1.26,,
2014-2015,9,Stoke City,19,10,3,6,32,22,+10,33,1.74,,19,5,6,8,16,23,-7,21,1.11,,
2014-2015,10,Crystal Palace,19,6,3,10,21,27,-6,21,1.11,,19,7,6,6,26,24,+2,27,1.42,,
2014-2015,11,Everton,19,7,7,5,27,21,+6,28,1.47,,19,5,4,10,21,29,-8,19,1.00,,
2014-2015,12,West Ham,19,9,4,6,25,18,+7,31,1.63,,19,3,7,9,19,29,-10,16,0.84,,
2014-2015,13,West Brom,19,7,4,8,24,26,-2,25,1.32,,19,4,7,8,14,25,-11,19,1.00,,
2014-2015,14,Leicester City,19,7,5,7,28,22,+6,26,1.37,,19,4,3,12,18,33,-15,15,0.79,,
2014-2015,15,Newcastle Utd,19,7,5,7,26,27,-1,26,1.37,,19,3,4,12,14,36,-22,13,0.68,,
2014-2015,16,Sunderland,19,4,8,7,16,27,-11,20,1.05,,19,3,9,7,15,26,-11,18,0.95,,
2014-2015,17,Aston Villa,19,5,6,8,18,25,-7,21,1.11,,19,5,2,12,13,32,-19,17,0.89,,
2014-2015,18,Hull City,19,5,5,9,19,24,-5,20,1.05,,19,3,6,10,14,27,-13,15,0.79,,
2014-2015,19,Burnley,19,4,7,8,14,21,-7,19,1.00,,19,3,5,11,14,32,-18,14,0.74,,
2014-2015,20,QPR,19,6,5,8,23,24,-1,23,1.21,,19,2,1,16,19,49,-30,7,0.37,,
2015-2016,1,Leicester City,19,12,6,1,35,18,+17,42,2.21,,19,11,6,2,33,18,+15,39,2.05,,
2015-2016,2,Arsenal,19,12,4,3,31,11,+20,40,2.11,,19,8,7,4,34,25,+9,31,1.63,,
2015-2016,3,Tottenham,19,10,6,3,35,15,+20,36,1.89,,19,9,7,3,34,20,+14,34,1.79,,
2015-2016,4,Manchester City,19,12,2,5,47,21,+26,38,2.00,,19,7,7,5,24,20,+4,28,1.47,,
2015-2016,5,Manchester Utd,19,12,5,2,27,9,+18,41,2.16,,19,7,4,8,22,26,-4,25,1.32,,
2015-2016,6,Southampton,19,11,3,5,39,22,+17,36,1.89,,19,7,6,6,20,19,+1,27,1.42,,
2015-2016,7,West Ham,19,9,7,3,34,26,+8,34,1.79,,19,7,7,5,31,25,+6,28,1.47,,
2015-2016,8,Liverpool,19,8,8,3,33,22,+11,32,1.68,,19,8,4,7,30,28,+2,28,1.47,,
2015-2016,9,Stoke City,19,8,4,7,22,24,-2,28,1.47,,19,6,5,8,19,31,-12,23,1.21,,
2015-2016,10,Chelsea,19,5,9,5,32,30,+2,24,1.26,,19,7,5,7,27,23,+4,26,1.37,,
2015-2016,11,Everton,19,6,5,8,35,30,+5,23,1.21,,19,5,9,5,24,25,-1,24,1.26,,
2015-2016,12,Swansea City,19,8,6,5,20,20,0,30,1.58,,19,4,5,10,22,32,-10,17,0.89,,
2015-2016,13,Watford,19,6,6,7,20,19,+1,24,1.26,,19,6,3,10,20,31,-11,21,1.11,,
2015-2016,14,West Brom,19,6,5,8,20,26,-6,23,1.21,,19,4,8,7,14,22,-8,20,1.05,,
2015-2016,15,Crystal Palace,19,6,3,10,19,23,-4,21,1.11,,19,5,6,8,20,28,-8,21,1.11,,
2015-2016,16,Bournemouth,19,5,5,9,23,34,-11,20,1.05,,19,6,4,9,22,33,-11,22,1.16,,
2015-2016,17,Sunderland,19,6,6,7,23,20,+3,24,1.26,,19,3,6,10,25,42,-17,15,0.79,,
2015-2016,18,Newcastle Utd,19,7,7,5,32,24,+8,28,1.47,,19,2,3,14,12,41,-29,9,0.47,,
2015-2016,19,Norwich City,19,6,5,8,26,30,-4,23,1.21,,19,3,2,14,13,37,-24,11,0.58,,
2015-2016,20,Aston Villa,19,2,5,12,14,35,-21,11,0.58,,19,1,3,15,13,41,-28,6,0.32,,
2016-2017,1,Chelsea,19,17,0,2,55,17,+38,51,2.68,,19,13,3,3,30,16,+14,42,2.21,,
2016-2017,2,Tottenham,19,17,2,0,47,9,+38,53,2.79,,19,9,6,4,39,17,+22,33,1.74,,
2016-2017,3,Manchester City,19,11,7,1,37,17,+20,40,2.11,,19,12,2,5,43,22,+21,38,2.00,,
2016-2017,4,Liverpool,19,12,5,2,45,18,+27,41,2.16,,19,10,5,4,33,24,+9,35,1.84,,
2016-2017,5,Arsenal,19,14,3,2,39,16,+23,45,2.37,,19,9,3,7,38,28,+10,30,1.58,,
2016-2017,6,Manchester Utd,19,8,10,1,26,12,+14,34,1.79,,19,10,5,4,28,17,+11,35,1.84,,
2016-2017,7,Everton,19,13,4,2,42,16,+26,43,2.26,,19,4,6,9,20,28,-8,18,0.95,,
2016-2017,8,Southampton,19,6,6,7,17,21,-4,24,1.26,,19,6,4,9,24,27,-3,22,1.16,,
2016-2017,9,Bournemouth,19,9,4,6,35,29,+6,31,1.63,,19,3,6,10,20,38,-18,15,0.79,,
2016-2017,10,West Brom,19,9,2,8,27,22,+5,29,1.53,,19,3,7,9,16,29,-13,16,0.84,,
2016-2017,11,West Ham,19,7,4,8,19,31,-12,25,1.32,,19,5,5,9,28,33,-5,20,1.05,,
2016-2017,12,Leicester City,19,10,4,5,31,25,+6,34,1.79,,19,2,4,13,17,38,-21,10,0.53,,
2016-2017,13,Stoke City,19,7,6,6,24,24,0,27,1.42,,19,4,5,10,17,32,-15,17,0.89,,
2016-2017,14,Crystal Palace,19,6,2,11,24,25,-1,20,1.05,,19,6,3,10,26,38,-12,21,1.11,,
2016-2017,15,Swansea City,19,8,3,8,27,34,-7,27,1.42,,19,4,2,13,18,36,-18,14,0.74,,
2016-2017,16,Burnley,19,10,3,6,26,20,+6,33,1.74,,19,1,4,14,13,35,-22,7,0.37,,
2016-2017,17,Watford,19,8,4,7,25,29,-4,28,1.47,,19,3,3,13,15,39,-24,12,0.63,,
2016-2017,18,Hull City,19,8,4,7,28,35,-7,28,1.47,,19,1,3,15,9,45,-36,6,0.32,,
2016-2017,19,Middlesbrough,19,4,6,9,17,23,-6,18,0.95,,19,1,7,11,10,30,-20,10,0.53,,
2016-2017,20,Sunderland,19,3,5,11,16,34,-18,14,0.74,,19,3,1,15,13,35,-22,10,0.53,,
2017-2018,1,Manchester City,19,16,2,1,61,14,+47,50,2.63,48.4,19,16,2,1,45,13,+32,50,2.63,38.0,11.5
2017-2018,2,Manchester Utd,19,15,2,2,38,9,+29,47,2.47,33.4,19,10,4,5,30,19,+11,34,1.79,27.3,27.1
2017-2018,3,Tottenham,19,13,4,2,40,16,+24,43,2.26,35.9,19,10,4,5,34,20,+14,34,1.79,31.4,18.9
2017-2018,4,Liverpool,19,12,7,0,45,10,+35,43,2.26,41.5,19,9,5,5,39,28,+11,32,1.68,31.3,22.8
2017-2018,5,Chelsea,19,11,4,4,30,16,+14,37,1.95,31.0,19,10,3,6,32,22,+10,33,1.74,27.0,19.5
2017-2018,6,Arsenal,19,15,2,2,54,20,+34,47,2.47,44.7,19,4,4,11,20,31,-11,16,0.84,23.8,27.4
2017-2018,7,Burnley,19,7,5,7,16,17,-1,26,1.37,17.6,19,7,7,5,20,22,-2,28,1.47,17.0,26.2
2017-2018,8,Everton,19,10,4,5,28,22,+6,34,1.79,22.5,19,3,6,10,16,36,-20,15,0.79,19.0,29.0
2017-2018,9,Leicester City,19,7,6,6,25,22,+3,27,1.42,25.9,19,5,5,9,31,38,-7,20,1.05,22.2,30.0
2017-2018,10,Newcastle Utd,19,8,4,7,21,17,+4,28,1.47,25.4,19,4,4,11,18,30,-12,16,0.84,19.9,31.7
2017-2018,11,Crystal Palace,19,7,5,7,29,27,+2,26,1.37,35.8,19,4,6,9,16,28,-12,18,0.95,20.3,27.7
2017-2018,12,Bournemouth,19,7,5,7,26,30,-4,26,1.37,25.3,19,4,6,9,19,31,-12,18,0.95,19.5,33.0
2017-2018,13,West Ham,19,7,6,6,24,26,-2,27,1.42,19.6,19,3,6,10,24,42,-18,15,0.79,20.2,38.1
2017-2018,14,Watford,19,7,6,6,27,31,-4,27,1.42,24.0,19,4,2,13,17,33,-16,14,0.74,23.3,29.7
2017-2018,15,Brighton,19,7,8,4,24,25,-1,29,1.53,24.4,19,2,5,12,10,29,-19,11,0.58,12.7,29.9
2017-2018,16,Huddersfield,19,6,5,8,16,25,-9,23,1.21,16.7,19,3,5,11,12,33,-21,14,0.74,15.0,30.9
2017-2018,17,Southampton,19,4,7,8,20,26,-6,19,1.00,24.2,19,3,8,8,17,30,-13,17,0.89,18.0,28.9
2017-2018,18,Swansea City,19,6,3,10,17,24,-7,21,1.11,20.0,19,2,6,11,11,32,-21,12,0.63,10.5,33.8
2017-2018,19,Stoke City,19,5,5,9,20,30,-10,20,1.05,21.0,19,2,7,10,15,38,-23,13,0.68,16.5,34.5
2017-2018,20,West Brom,19,3,9,7,21,29,-8,18,0.95,21.0,19,3,4,12,10,27,-17,13,0.68,13.4,27.4
2018-2019,1,Manchester City,19,18,0,1,57,12,+45,54,2.84,48.9,19,14,2,3,38,11,+27,44,2.32,35.7,11.3
2018-2019,2,Liverpool,19,17,2,0,55,10,+45,53,2.79,43.5,19,13,5,1,34,12,+22,44,2.32,31.9,17.1
2018-2019,3,Chelsea,19,12,6,1,39,12,+27,42,2.21,31.3,19,9,3,7,24,27,-3,30,1.58,27.7,21.2
2018-2019,4,Tottenham,19,12,2,5,34,16,+18,38,2.00,33.3,19,11,0,8,33,23,+10,33,1.74,25.3,21.6
2018-2019,5,Arsenal,19,14,3,2,42,16,+26,45,2.37,34.5,19,7,4,8,31,35,-4,25,1.32,24.5,31.6
2018-2019,6,Manchester Utd,19,10,6,3,33,25,+8,36,1.89,31.3,19,9,3,7,32,29,+3,30,1.58,27.5,26.2
2018-2019,7,Wolves,19,10,4,5,28,21,+7,34,1.79,28.7,19,6,5,8,19,25,-6,23,1.21,19.5,21.7
2018-2019,8,Everton,19,10,4,5,30,21,+9,34,1.79,26.9,19,5,5,9,24,25,-1,20,1.05,21.3,24.8
2018-2019,9,Leicester City,19,8,3,8,24,20,+4,27,1.42,25.6,19,7,4,8,27,28,-1,25,1.32,24.0,25.3
2018-2019,10,West Ham,19,9,4,6,32,27,+5,31,1.63,25.7,19,6,3,10,20,28,-8,21,1.11,22.0,36.4
2018-2019,11,Watford,19,8,3,8,26,28,-2,27,1.42,22.9,19,6,5,8,26,31,-5,23,1.21,24.6,27.1
2018-2019,12,Crystal Palace,19,5,5,9,19,23,-4,20,1.05,28.0,19,9,2,8,32,30,+2,29,1.53,22.3,26.0
2018-2019,13,Newcastle Utd,19,8,1,10,24,25,-1,25,1.32,22.9,19,4,8,7,18,23,-5,20,1.05,15.9,29.4
2018-2019,14,Bournemouth,19,8,5,6,30,25,+5,29,1.53,28.0,19,5,1,13,26,45,-19,16,0.84,26.2,31.4
2018-2019,15,Burnley,19,7,2,10,24,32,-8,23,1.21,23.7,19,4,5,10,21,36,-15,17,0.89,17.1,37.2
2018-2019,16,Southampton,19,5,8,6,27,30,-3,23,1.21,24.3,19,4,4,11,18,35,-17,16,0.84,23.2,30.7
2018-2019,17,Brighton,19,6,5,8,19,28,-9,23,1.21,20.4,19,3,4,12,16,32,-16,13,0.68,14.1,33.5
2018-2019,18,Cardiff City,19,6,2,11,21,38,-17,20,1.05,23.4,19,4,2,13,13,31,-18,14,0.74,15.9,36.2
2018-2019,19,Fulham,19,6,3,10,22,36,-14,21,1.11,22.6,19,1,2,16,12,45,-33,5,0.26,16.2,38.6
2018-2019,20,Huddersfield,19,2,3,14,10,31,-21,9,0.47,15.5,19,1,4,14,12,45,-33,7,0.37,14.0,34.3
2019-2020,1,Liverpool,19,18,1,0,52,16,+36,55,2.89,40.3,19,14,2,3,33,17,+16,44,2.32,31.2,21.6
2019-2020,2,Manchester City,19,15,2,2,57,13,+44,47,2.47,47.5,19,11,1,7,45,22,+23,34,1.79,45.6,19.5
2019-2020,3,Manchester Utd,19,10,7,2,40,17,+23,37,1.95,31.0,19,8,5,6,26,19,+7,29,1.53,28.4,21.1
2019-2020,4,Chelsea,19,11,3,5,30,16,+14,36,1.89,37.4,19,9,3,7,39,38,+1,30,1.58,29.2,27.1
2019-2020,5,Leicester City,19,11,4,4,35,17,+18,37,1.95,30.6,19,7,4,8,32,24,+8,25,1.32,31.0,22.7
2019-2020,6,Tottenham,19,12,3,4,36,17,+19,39,2.05,24.4,19,4,8,7,25,30,-5,20,1.05,21.6,28.7
2019-2020,7,Wolves,19,8,7,4,27,19,+8,31,1.63,25.9,19,7,7,5,24,21,+3,28,1.47,21.2,18.3
2019-2020,8,Arsenal,19,10,6,3,36,24,+12,36,1.89,27.2,19,4,8,7,20,24,-4,20,1.05,22.0,25.8
2019-2020,9,Sheffield Utd,19,10,3,6,24,15,+9,33,1.74,26.2,19,4,9,6,15,24,-9,21,1.11,15.3,28.2
2019-2020,10,Burnley,19,8,4,7,24,23,+1,28,1.47,27.2,19,7,5,7,19,27,-8,26,1.37,16.6,27.1
2019-2020,11,Southampton,19,6,3,10,21,35,-14,21,1.11,23.1,19,9,4,6,30,25,+5,31,1.63,30.7,24.9
2019-2020,12,Everton,19,8,7,4,24,21,+3,31,1.63,27.4,19,5,3,11,20,35,-15,18,0.95,21.8,24.9
2019-2020,13,Newcastle Utd,19,6,8,5,20,21,-1,26,1.37,18.1,19,5,3,11,18,37,-19,18,0.95,15.0,30.3
2019-2020,14,Crystal Palace,19,6,5,8,15,20,-5,23,1.21,17.6,19,5,5,9,16,30,-14,20,1.05,16.4,31.6
2019-2020,15,Brighton,19,5,7,7,20,27,-7,22,1.16,20.9,19,4,7,8,19,27,-8,19,1.00,20.3,28.5
2019-2020,16,West Ham,19,6,4,9,30,33,-3,22,1.16,23.6,19,4,5,10,19,29,-10,17,0.89,22.5,31.9
2019-2020,17,Aston Villa,19,7,3,9,22,30,-8,24,1.26,21.6,19,2,5,12,19,37,-18,11,0.58,18.5,34.5
2019-2020,18,Bournemouth,19,5,6,8,22,30,-8,21,1.11,22.3,19,4,1,14,18,35,-17,13,0.68,20.4,32.3
2019-2020,19,Watford,19,6,6,7,22,27,-5,24,1.26,26.7,19,2,4,13,14,37,-23,10,0.53,18.5,29.9
2019-2020,20,Norwich City,19,4,3,12,19,37,-18,15,0.79,20.4,19,1,3,15,7,38,-31,6,0.32,17.7,30.2
2020-2021,1,Manchester City,19,13,2,4,43,17,+26,41,2.16,39.7,19,14,3,2,40,15,+25,45,2.37,33.6,15.8
2020-2021,2,Manchester Utd,19,9,4,6,38,28,+10,31,1.63,31.7,19,12,7,0,35,16,+19,43,2.26,28.6,20.9
2020-2021,3,Liverpool,19,10,3,6,29,20,+9,33,1.74,35.7,19,10,6,3,39,22,+17,36,1.89,36.9,23.6
2020-2021,4,Chelsea,19,9,6,4,31,18,+13,33,1.74,35.6,19,10,4,5,27,18,+9,34,1.79,28.4,15.6
2020-2021,5,Leicester City,19,9,1,9,34,30,+4,28,1.47,28.9,19,11,5,3,34,20,+14,38,2.00,27.1,21.4
2020-2021,6,West Ham,19,10,4,5,32,22,+10,34,1.79,24.2,19,9,4,6,30,25,+5,31,1.63,29.7,22.6
2020-2021,7,Tottenham,19,10,3,6,35,20,+15,33,1.74,29.2,19,8,5,6,33,25,+8,29,1.53,25.3,27.3
2020-2021,8,Arsenal,19,8,4,7,24,21,+3,28,1.47,24.6,19,10,3,6,31,18,+13,33,1.74,28.9,22.1
2020-2021,9,Leeds United,19,8,5,6,28,21,+7,29,1.53,30.6,19,10,0,9,34,33,+1,30,1.58,26.9,36.9
2020-2021,10,Everton,19,6,4,9,24,28,-4,22,1.16,25.3,19,11,4,4,23,20,+3,37,1.95,21.8,24.8
2020-2021,11,Aston Villa,19,7,4,8,29,27,+2,25,1.32,27.7,19,9,3,7,26,19,+7,30,1.58,25.2,25.1
2020-2021,12,Newcastle Utd,19,6,5,8,26,33,-7,23,1.21,24.1,19,6,4,9,20,29,-9,22,1.16,16.9,30.9
2020-2021,13,Wolves,19,7,4,8,21,25,-4,25,1.32,23.3,19,5,5,9,15,27,-12,20,1.05,16.5,25.5
2020-2021,14,Crystal Palace,19,6,5,8,20,32,-12,23,1.21,13.8,19,6,3,10,21,34,-13,21,1.11,18.6,31.3
2020-2021,15,Southampton,19,8,3,8,28,25,+3,27,1.42,20.7,19,4,4,11,19,43,-24,16,0.84,21.6,31.8
2020-2021,16,Brighton,19,4,9,6,22,22,0,21,1.11,31.5,19,5,5,9,18,24,-6,20,1.05,20.1,23.0
2020-2021,17,Burnley,19,4,6,9,14,27,-13,18,0.95,20.6,19,6,3,10,19,28,-9,21,1.11,19.3,30.0
2020-2021,18,Fulham,19,2,4,13,9,28,-19,10,0.53,18.8,19,3,9,7,18,25,-7,18,0.95,22.5,28.0
2020-2021,19,West Brom,19,3,6,10,15,39,-24,15,0.79,17.2,19,2,5,12,20,37,-17,11,0.58,16.6,31.7
2020-2021,20,Sheffield Utd,19,5,1,13,12,27,-15,16,0.84,16.9,19,2,1,16,8,36,-28,7,0.37,14.5,31.9
2021-2022,1,Manchester City,19,15,2,2,58,15,+43,47,2.47,44.8,19,14,4,1,41,11,+30,46,2.42,44.2,14.9
2021-2022,2,Liverpool,19,15,4,0,49,9,+40,49,2.58,48.6,19,13,4,2,45,17,+28,43,2.26,40.7,21.1
2021-2022,3,Chelsea,19,9,7,3,37,22,+15,34,1.79,35.5,19,12,4,3,39,11,+28,40,2.11,31.8,16.3
2021-2022,4,Tottenham,19,13,1,5,38,19,+19,40,2.11,35.7,19,9,4,6,31,21,+10,31,1.63,29.4,20.2
2021-2022,5,Arsenal,19,13,2,4,35,17,+18,41,2.16,35.8,19,9,1,9,26,31,-5,28,1.47,24.1,29.3
2021-2022,6,Manchester Utd,19,10,5,4,32,22,+10,35,1.84,30.0,19,6,5,8,25,35,-10,23,1.21,24.8,32.2
2021-2022,7,West Ham,19,9,5,5,33,26,+7,32,1.68,27.6,19,7,3,9,27,25,+2,24,1.26,22.3,29.6
2021-2022,8,Leicester City,19,10,4,5,34,23,+11,34,1.79,28.7,19,4,6,9,28,36,-8,18,0.95,22.1,31.4
2021-2022,9,Brighton,19,5,7,7,19,23,-4,22,1.16,26.3,19,7,8,4,23,21,+2,29,1.53,19.7,23.8
2021-2022,10,Wolves,19,7,3,9,20,25,-5,24,1.26,17.7,19,8,3,8,18,18,0,27,1.42,18.2,30.3
2021-2022,11,Newcastle Utd,19,8,6,5,26,27,-1,30,1.58,22.2,19,5,4,10,18,35,-17,19,1.00,18.0,28.5
2021-2022,12,Crystal Palace,19,7,8,4,27,17,+10,29,1.53,27.5,19,4,7,8,23,29,-6,19,1.00,18.8,23.6
2021-2022,13,Brentford,19,7,3,9,22,21,+1,24,1.26,26.7,19,6,4,9,26,35,-9,22,1.16,21.2,29.2
2021-2022,14,Aston Villa,19,6,5,8,29,29,0,23,1.21,24.1,19,7,1,11,23,25,-2,22,1.16,19.9,24.4
2021-2022,15,Southampton,19,6,7,6,23,24,-1,25,1.32,22.6,19,3,6,10,20,43,-23,15,0.79,24.2,35.0
2021-2022,16,Everton,19,9,2,8,27,25,+2,29,1.53,23.8,19,2,4,13,16,41,-25,10,0.53,19.0,31.3
2021-2022,17,Leeds United,19,4,6,9,19,38,-19,18,0.95,26.2,19,5,5,9,23,41,-18,20,1.05,20.9,37.0
2021-2022,18,Burnley,19,5,6,8,18,25,-7,21,1.11,21.2,19,2,8,9,16,28,-12,14,0.74,17.8,30.2
2021-2022,19,Watford,19,2,2,15,17,46,-29,8,0.42,19.0,19,4,3,12,17,31,-14,15,0.79,19.8,31.7
2021-2022,20,Norwich City,19,3,3,13,12,43,-31,12,0.63,16.9,19,2,4,13,11,41,-30,10,0.53,16.4,40.9
