Season,Club,players_used,avg_age,possession,games_starts,minutes,minutes_90s,goals,assists,goals_pens,pens_made,pens_att,cards_yellow,cards_red,goals_per90,assists_per90,goals_assists_per90,goals_pens_per90,goals_assists_pens_per90,xg,npxg,xa,npxg_xa,xg_per90,xa_per90,xg_xa_per90,npxg_per90,npxg_xa_per90
2000-2001,Arsenal,26,28.3,,418,,,62,52,61,1,2,48,3,1.63,1.37,3.00,1.61,2.97,,,,,,,,,
2000-2001,Aston Villa,22,28.0,,419,,,46,35,45,1,1,64,3,1.21,0.92,2.13,1.18,2.11,,,,,,,,,
2000-2001,Bradford City,27,30.4,,366,,,26,17,23,3,5,58,1,0.68,0.45,1.13,0.61,1.05,,,,,,,,,
2000-2001,Charlton Ath,27,26.8,,418,,,47,33,44,3,3,47,2,1.24,0.87,2.11,1.16,2.03,,,,,,,,,
2000-2001,Chelsea,26,28.1,,411,,,67,49,63,4,4,75,2,1.76,1.29,3.05,1.66,2.95,,,,,,,,,
2000-2001,Coventry City,28,25.7,,418,,,33,22,30,3,3,76,2,0.87,0.58,1.45,0.79,1.37,,,,,,,,,
2000-2001,Derby County,31,25.2,,415,,,36,24,34,2,3,79,3,0.95,0.63,1.58,0.89,1.53,,,,,,,,,
2000-2001,Everton,31,27.0,,414,,,45,28,40,5,7,78,4,1.18,0.74,1.92,1.05,1.79,,,,,,,,,
2000-2001,Ipswich Town,23,26.4,,438,,,56,39,53,3,3,32,2,1.47,1.03,2.50,1.39,2.42,,,,,,,,,
2000-2001,Leeds United,24,24.6,,425,,,63,44,60,3,4,72,3,1.66,1.16,2.82,1.58,2.74,,,,,,,,,
2000-2001,Leicester City,29,27.3,,425,,,39,31,36,3,3,57,2,1.03,0.82,1.84,0.95,1.76,,,,,,,,,
2000-2001,Liverpool,24,25.4,,415,,,70,48,67,3,4,53,4,1.84,1.26,3.11,1.76,3.03,,,,,,,,,
2000-2001,Manchester City,30,26.1,,434,,,38,28,36,2,2,68,3,1.00,0.74,1.74,0.95,1.68,,,,,,,,,
2000-2001,Manchester Utd,28,26.9,,418,,,77,60,75,2,3,44,3,2.03,1.58,3.61,1.97,3.55,,,,,,,,,
2000-2001,Middlesbrough,27,29.4,,438,,,43,25,40,3,3,73,6,1.13,0.66,1.79,1.05,1.71,,,,,,,,,
2000-2001,Newcastle Utd,28,25.8,,424,,,42,27,37,5,7,48,5,1.11,0.71,1.82,0.97,1.68,,,,,,,,,
2000-2001,Southampton,24,27.2,,433,,,40,28,40,0,0,49,1,1.05,0.74,1.79,1.05,1.79,,,,,,,,,
2000-2001,Sunderland,27,26.4,,395,,,46,32,44,2,4,78,5,1.21,0.84,2.05,1.16,2.00,,,,,,,,,
2000-2001,Tottenham,29,26.3,,418,,,46,31,43,3,4,47,3,1.21,0.82,2.03,1.13,1.95,,,,,,,,,
2000-2001,West Ham,34,27.0,,409,,,45,30,41,4,4,70,2,1.18,0.79,1.97,1.08,1.87,,,,,,,,,
2001-2002,Arsenal,25,27.3,,431,,,79,54,73,6,7,77,6,2.08,1.42,3.50,1.92,3.34,,,,,,,,,
2001-2002,Aston Villa,22,27.2,,410,,,44,38,42,2,2,41,2,1.16,1.00,2.16,1.11,2.11,,,,,,,,,
2001-2002,Blackburn,25,27.2,,416,,,54,39,53,1,1,57,4,1.42,1.03,2.45,1.39,2.42,,,,,,,,,
2001-2002,Bolton,30,28.5,,407,,,42,25,42,0,1,57,6,1.11,0.66,1.76,1.11,1.76,,,,,,,,,
2001-2002,Charlton Ath,25,26.6,,418,,,36,25,36,0,1,63,3,0.95,0.66,1.61,0.95,1.61,,,,,,,,,
2001-2002,Chelsea,25,26.8,,411,,,65,43,62,3,3,63,2,1.71,1.13,2.84,1.63,2.76,,,,,,,,,
2001-2002,Derby County,32,26.1,,409,,,33,23,31,2,5,71,2,0.87,0.61,1.47,0.82,1.42,,,,,,,,,
2001-2002,Everton,28,28.0,,401,,,44,31,41,3,3,58,4,1.16,0.82,1.97,1.08,1.89,,,,,,,,,
2001-2002,Fulham,24,27.7,,415,,,35,28,34,1,3,53,1,0.92,0.74,1.66,0.89,1.63,,,,,,,,,
2001-2002,Ipswich Town,26,27.2,,410,,,41,32,40,1,3,42,1,1.08,0.84,1.92,1.05,1.89,,,,,,,,,
2001-2002,Leeds United,21,25.9,,433,,,54,46,53,1,2,70,5,1.42,1.21,2.63,1.39,2.61,,,,,,,,,
2001-2002,Leicester City,33,27.3,,415,,,29,21,27,2,4,74,3,0.76,0.55,1.32,0.71,1.26,,,,,,,,,
2001-2002,Liverpool,27,25.5,,418,,,63,51,62,1,3,45,2,1.66,1.34,3.00,1.63,2.97,,,,,,,,,
2001-2002,Manchester Utd,28,27.5,,402,,,81,56,76,5,5,53,1,2.13,1.47,3.61,2.00,3.47,,,,,,,,,
2001-2002,Middlesbrough,34,28.1,,409,,,33,21,31,2,3,54,7,0.87,0.55,1.42,0.82,1.37,,,,,,,,,
2001-2002,Newcastle Utd,22,25.5,,390,,,72,53,67,5,7,48,2,1.89,1.39,3.29,1.76,3.16,,,,,,,,,
2001-2002,Southampton,29,27.5,,390,,,42,30,38,4,4,33,3,1.11,0.79,1.89,1.00,1.79,,,,,,,,,
2001-2002,Sunderland,25,26.6,,415,,,29,19,28,1,3,66,1,0.76,0.50,1.26,0.74,1.24,,,,,,,,,
2001-2002,Tottenham,24,28.9,,411,,,48,33,45,3,3,59,4,1.26,0.87,2.13,1.18,2.05,,,,,,,,,
2001-2002,West Ham,28,27.4,,419,,,48,34,44,4,5,67,3,1.26,0.89,2.16,1.16,2.05,,,,,,,,,
2002-2003,Arsenal,28,27.8,,418,,,84,66,79,5,6,47,2,2.21,1.74,3.95,2.08,3.82,,,,,,,,,
2002-2003,Aston Villa,27,26.2,,418,,,42,29,39,3,4,58,4,1.11,0.76,1.87,1.03,1.79,,,,,,,,,
2002-2003,Birmingham City,33,27.9,,418,,,40,26,36,4,5,66,3,1.05,0.68,1.74,0.95,1.63,,,,,,,,,
2002-2003,Blackburn,28,27.7,,418,,,50,38,45,5,6,55,4,1.32,1.00,2.32,1.18,2.18,,,,,,,,,
2002-2003,Bolton,27,29.1,,418,,,38,24,37,1,2,54,3,1.00,0.63,1.63,0.97,1.61,,,,,,,,,
2002-2003,Charlton Ath,26,27.0,,420,,,43,24,39,4,5,47,1,1.13,0.63,1.76,1.03,1.66,,,,,,,,,
2002-2003,Chelsea,23,27.8,,416,,,67,40,64,3,3,54,1,1.76,1.05,2.82,1.68,2.74,,,,,,,,,
2002-2003,Everton,28,27.4,,392,,,48,32,44,4,4,39,5,1.26,0.84,2.11,1.16,2.00,,,,,,,,,
2002-2003,Fulham,27,27.3,,417,,,38,23,32,6,7,46,6,1.00,0.61,1.61,0.84,1.45,,,,,,,,,
2002-2003,Leeds United,28,25.8,,401,,,54,39,50,4,5,62,1,1.42,1.03,2.45,1.32,2.34,,,,,,,,,
2002-2003,Liverpool,23,24.9,,418,,,61,49,57,4,6,35,1,1.61,1.29,2.89,1.50,2.79,,,,,,,,,
2002-2003,Manchester City,26,27.8,,419,,,47,40,45,2,2,40,5,1.24,1.05,2.29,1.18,2.24,,,,,,,,,
2002-2003,Manchester Utd,26,27.0,,418,,,73,56,64,9,9,39,1,1.92,1.47,3.39,1.68,3.16,,,,,,,,,
2002-2003,Middlesbrough,29,26.4,,418,,,48,31,46,2,3,43,4,1.26,0.82,2.08,1.21,2.03,,,,,,,,,
2002-2003,Newcastle Utd,25,24.9,,420,,,63,42,60,3,4,40,2,1.66,1.11,2.76,1.58,2.68,,,,,,,,,
2002-2003,Southampton,25,27.2,,417,,,42,24,36,6,6,33,3,1.11,0.63,1.74,0.95,1.58,,,,,,,,,
2002-2003,Sunderland,34,26.0,,413,,,21,16,20,1,3,47,0,0.55,0.42,0.97,0.53,0.95,,,,,,,,,
2002-2003,Tottenham,24,28.0,,414,,,50,35,47,3,3,50,4,1.32,0.92,2.24,1.24,2.16,,,,,,,,,
2002-2003,West Brom,23,27.2,,418,,,29,11,28,1,1,45,4,0.76,0.29,1.05,0.74,1.03,,,,,,,,,
2002-2003,West Ham,24,27.4,,422,,,41,29,37,4,5,49,4,1.08,0.76,1.84,0.97,1.74,,,,,,,,,
2003-2004,Arsenal,22,27.3,,419,,,69,52,62,7,7,51,3,1.82,1.37,3.18,1.63,3.00,,,,,,,,,
2003-2004,Aston Villa,23,25.7,,418,,,48,34,44,4,5,52,3,1.26,0.89,2.16,1.16,2.05,,,,,,,,,
2003-2004,Birmingham City,27,27.4,,428,,,43,29,39,4,5,45,5,1.13,0.76,1.89,1.03,1.79,,,,,,,,,
2003-2004,Blackburn,28,28.2,,412,,,52,39,52,0,0,58,3,1.37,1.03,2.39,1.37,2.39,,,,,,,,,
2003-2004,Bolton,24,28.5,,433,,,47,35,46,1,1,63,0,1.24,0.92,2.16,1.21,2.13,,,,,,,,,
2003-2004,Charlton Ath,24,28.2,,406,,,50,29,44,6,8,35,3,1.32,0.76,2.08,1.16,1.92,,,,,,,,,
2003-2004,Chelsea,27,25.9,,438,,,67,58,63,4,4,44,3,1.76,1.53,3.29,1.66,3.18,,,,,,,,,
2003-2004,Everton,26,27.3,,414,,,42,31,41,1,1,53,3,1.11,0.82,1.92,1.08,1.89,,,,,,,,,
2003-2004,Fulham,30,27.1,,421,,,52,32,50,2,3,59,3,1.37,0.84,2.21,1.32,2.16,,,,,,,,,
2003-2004,Leeds United,29,25.2,,404,,,40,28,36,4,4,70,5,1.05,0.74,1.79,0.95,1.68,,,,,,,,,
2003-2004,Leicester City,28,29.4,,391,,,45,37,43,2,3,58,8,1.18,0.97,2.16,1.13,2.11,,,,,,,,,
2003-2004,Liverpool,24,26.0,,408,,,53,36,45,8,10,46,1,1.39,0.95,2.34,1.18,2.13,,,,,,,,,
2003-2004,Manchester City,24,27.9,,418,,,52,37,48,4,4,46,3,1.37,0.97,2.34,1.26,2.24,,,,,,,,,
2003-2004,Manchester Utd,22,25.8,,418,,,63,54,62,1,4,42,3,1.66,1.42,3.08,1.63,3.05,,,,,,,,,
2003-2004,Middlesbrough,27,27.6,,418,,,42,28,39,3,5,52,1,1.11,0.74,1.84,1.03,1.76,,,,,,,,,
2003-2004,Newcastle Utd,23,25.7,,429,,,53,33,46,7,10,47,3,1.39,0.87,2.26,1.21,2.08,,,,,,,,,
2003-2004,Portsmouth,32,28.5,,433,,,49,31,46,3,3,60,3,1.29,0.82,2.11,1.21,2.03,,,,,,,,,
2003-2004,Southampton,27,27.9,,403,,,43,27,41,2,2,51,3,1.13,0.71,1.84,1.08,1.79,,,,,,,,,
2003-2004,Tottenham,27,26.3,,407,,,47,33,44,3,3,45,0,1.24,0.87,2.11,1.16,2.03,,,,,,,,,
2003-2004,Wolves,27,29.8,,428,,,39,25,38,1,4,65,2,1.03,0.66,1.68,1.00,1.66,,,,,,,,,
2004-2005,Arsenal,25,26.2,,417,,,86,68,83,3,4,46,1,2.26,1.79,4.05,2.18,3.97,,,,,,,,,
2004-2005,Aston Villa,22,25.7,,421,,,43,34,40,3,6,55,2,1.13,0.89,2.03,1.05,1.95,,,,,,,,,
2004-2005,Birmingham City,26,27.9,,417,,,37,24,35,2,2,62,3,0.97,0.63,1.61,0.92,1.55,,,,,,,,,
2004-2005,Blackburn,31,27.8,,414,,,31,24,29,2,3,73,5,0.82,0.63,1.45,0.76,1.39,,,,,,,,,
2004-2005,Bolton,25,28.6,,418,,,49,33,44,5,6,58,2,1.29,0.87,2.16,1.16,2.03,,,,,,,,,
2004-2005,Charlton Ath,21,28.0,,414,,,41,28,41,0,0,38,4,1.08,0.74,1.82,1.08,1.82,,,,,,,,,
2004-2005,Chelsea,30,25.2,,422,,,71,58,66,5,6,49,0,1.87,1.53,3.39,1.74,3.26,,,,,,,,,
2004-2005,Crystal Palace,27,25.7,,418,,,43,26,33,10,12,58,3,1.13,0.68,1.82,0.87,1.55,,,,,,,,,
2004-2005,Everton,21,28.5,,414,,,45,34,43,2,3,56,4,1.18,0.89,2.08,1.13,2.03,,,,,,,,,
2004-2005,Fulham,24,27.7,,418,,,52,39,50,2,4,56,7,1.37,1.03,2.39,1.32,2.34,,,,,,,,,
2004-2005,Liverpool,28,26.2,,414,,,49,42,46,3,5,46,2,1.29,1.11,2.39,1.21,2.32,,,,,,,,,
2004-2005,Manchester City,25,27.3,,418,,,45,33,40,5,6,44,3,1.18,0.87,2.05,1.05,1.92,,,,,,,,,
2004-2005,Manchester Utd,24,26.1,,416,,,57,45,54,3,4,56,5,1.50,1.18,2.68,1.42,2.61,,,,,,,,,
2004-2005,Middlesbrough,27,28.4,,418,,,49,39,48,1,1,54,2,1.29,1.03,2.32,1.26,2.29,,,,,,,,,
2004-2005,Newcastle Utd,27,26.0,,435,,,44,32,41,3,3,63,5,1.16,0.84,2.00,1.08,1.92,,,,,,,,,
2004-2005,Norwich City,25,27.6,,422,,,41,29,38,3,4,36,2,1.08,0.76,1.84,1.00,1.76,,,,,,,,,
2004-2005,Portsmouth,26,27.6,,386,,,41,30,35,6,6,52,2,1.08,0.79,1.87,0.92,1.71,,,,,,,,,
2004-2005,Southampton,35,28.4,,415,,,44,30,41,3,3,45,2,1.16,0.79,1.95,1.08,1.87,,,,,,,,,
2004-2005,Tottenham,28,24.7,,412,,,47,32,46,1,1,55,1,1.24,0.84,2.08,1.21,2.05,,,,,,,,,
2004-2005,West Brom,27,27.2,,422,,,34,25,32,2,3,41,5,0.89,0.66,1.55,0.84,1.50,,,,,,,,,
2005-2006,Arsenal,27,26.2,,418,,,66,46,62,4,7,55,2,1.74,1.21,2.95,1.63,2.84,,,,,,,,,
2005-2006,Aston Villa,26,25.2,,416,,,41,35,40,1,4,63,2,1.08,0.92,2.00,1.05,1.97,,,,,,,,,
2005-2006,Birmingham City,30,28.0,,417,,,26,19,24,2,2,53,7,0.68,0.50,1.18,0.63,1.13,,,,,,,,,
2005-2006,Blackburn,23,27.9,,418,,,49,29,45,4,4,78,6,1.29,0.76,2.05,1.18,1.95,,,,,,,,,
2005-2006,Bolton,24,28.0,,419,,,47,33,45,2,4,64,3,1.24,0.87,2.11,1.18,2.05,,,,,,,,,
2005-2006,Charlton Ath,27,27.9,,422,,,41,29,37,4,4,44,2,1.08,0.76,1.84,0.97,1.74,,,,,,,,,
2005-2006,Chelsea,25,25.9,,418,,,71,50,67,4,4,64,5,1.87,1.32,3.18,1.76,3.08,,,,,,,,,
2005-2006,Everton,27,28.0,,422,,,32,25,31,1,3,66,7,0.84,0.66,1.50,0.82,1.47,,,,,,,,,
2005-2006,Fulham,27,27.9,,417,,,47,35,43,4,4,65,2,1.24,0.92,2.16,1.13,2.05,,,,,,,,,
2005-2006,Liverpool,22,26.3,,415,,,54,42,50,4,5,50,5,1.42,1.11,2.53,1.32,2.42,,,,,,,,,
2005-2006,Manchester City,26,27.3,,418,,,42,31,41,1,2,70,4,1.11,0.82,1.92,1.08,1.89,,,,,,,,,
2005-2006,Manchester Utd,26,26.4,,417,,,68,50,66,2,3,61,2,1.79,1.32,3.11,1.74,3.05,,,,,,,,,
2005-2006,Middlesbrough,37,26.5,,413,,,48,34,43,5,5,54,3,1.26,0.89,2.16,1.13,2.03,,,,,,,,,
2005-2006,Newcastle Utd,25,26.8,,414,,,45,31,40,5,5,64,6,1.18,0.82,2.00,1.05,1.87,,,,,,,,,
2005-2006,Portsmouth,33,26.7,,419,,,36,22,34,2,2,55,1,0.95,0.58,1.53,0.89,1.47,,,,,,,,,
2005-2006,Sunderland,27,24.8,,410,,,24,15,22,2,2,69,4,0.63,0.39,1.03,0.58,0.97,,,,,,,,,
2005-2006,Tottenham,25,24.9,,414,,,52,38,48,4,6,51,5,1.37,1.00,2.37,1.26,2.26,,,,,,,,,
2005-2006,West Brom,29,26.4,,418,,,31,18,30,1,2,47,2,0.82,0.47,1.29,0.79,1.26,,,,,,,,,
2005-2006,West Ham,28,26.0,,415,,,48,29,45,3,5,50,2,1.26,0.76,2.03,1.18,1.95,,,,,,,,,
2005-2006,Wigan Athletic,25,28.3,,420,,,44,30,43,1,1,54,4,1.16,0.79,1.95,1.13,1.92,,,,,,,,,
2006-2007,Arsenal,24,25.1,,417,,,60,48,50,10,11,51,3,1.58,1.26,2.84,1.32,2.58,,,,,,,,,
2006-2007,Aston Villa,30,25.5,,436,,,45,31,39,6,8,47,1,1.18,0.82,2.00,1.03,1.84,,,,,,,,,
2006-2007,Blackburn,28,28.2,,399,,,49,33,44,5,7,81,8,1.29,0.87,2.16,1.16,2.03,,,,,,,,,
2006-2007,Bolton,23,28.2,,423,,,45,35,39,6,7,84,4,1.18,0.92,2.11,1.03,1.95,,,,,,,,,
2006-2007,Charlton Ath,29,27.1,,429,,,32,22,28,4,4,60,4,0.84,0.58,1.42,0.74,1.32,,,,,,,,,
2006-2007,Chelsea,26,26.7,,418,,,58,49,55,3,4,65,4,1.53,1.29,2.82,1.45,2.74,,,,,,,,,
2006-2007,Everton,24,26.9,,411,,,50,35,42,8,8,70,2,1.32,0.92,2.24,1.11,2.03,,,,,,,,,
2006-2007,Fulham,24,28.2,,424,,,36,27,33,3,3,60,3,0.95,0.71,1.66,0.87,1.58,,,,,,,,,
2006-2007,Liverpool,28,26.1,,419,,,56,44,50,6,7,43,0,1.47,1.16,2.63,1.32,2.47,,,,,,,,,
2006-2007,Manchester City,28,26.0,,394,,,28,21,26,2,4,58,4,0.74,0.55,1.29,0.68,1.24,,,,,,,,,
2006-2007,Manchester Utd,25,27.3,,418,,,80,60,75,5,6,58,1,2.11,1.58,3.68,1.97,3.55,,,,,,,,,
2006-2007,Middlesbrough,27,25.4,,418,,,43,33,39,4,5,65,2,1.13,0.87,2.00,1.03,1.89,,,,,,,,,
2006-2007,Newcastle Utd,29,26.1,,418,,,38,26,33,5,5,69,1,1.00,0.68,1.68,0.87,1.55,,,,,,,,,
2006-2007,Portsmouth,22,28.4,,405,,,40,31,38,2,3,51,1,1.05,0.82,1.87,1.00,1.82,,,,,,,,,
2006-2007,Reading,23,26.9,,418,,,48,38,45,3,3,41,3,1.26,1.00,2.26,1.18,2.18,,,,,,,,,
2006-2007,Sheffield Utd,32,26.0,,408,,,31,21,29,2,4,71,2,0.82,0.55,1.37,0.76,1.32,,,,,,,,,
2006-2007,Tottenham,26,25.1,,418,,,56,37,51,5,5,51,4,1.47,0.97,2.45,1.34,2.32,,,,,,,,,
2006-2007,Watford,32,25.2,,390,,,24,18,21,3,3,48,2,0.63,0.47,1.11,0.55,1.03,,,,,,,,,
2006-2007,West Ham,29,25.6,,442,,,35,26,34,1,3,86,2,0.92,0.68,1.61,0.89,1.58,,,,,,,,,
2006-2007,Wigan Athletic,29,27.7,,415,,,37,24,34,3,6,81,3,0.97,0.63,1.61,0.89,1.53,,,,,,,,,
2007-2008,Arsenal,27,24.6,,418,,,73,57,68,5,6,57,3,1.92,1.50,3.42,1.79,3.29,,,,,,,,,
2007-2008,Aston Villa,22,25.5,,418,,,66,42,60,6,7,56,4,1.74,1.11,2.84,1.58,2.68,,,,,,,,,
2007-2008,Birmingham City,28,25.3,,418,,,44,21,38,6,6,68,3,1.16,0.55,1.71,1.00,1.55,,,,,,,,,
2007-2008,Blackburn,22,28.0,,418,,,50,32,45,5,6,74,6,1.32,0.84,2.16,1.18,2.03,,,,,,,,,
2007-2008,Bolton,31,27.5,,417,,,34,22,34,0,1,76,0,0.89,0.58,1.47,0.89,1.47,,,,,,,,,
2007-2008,Chelsea,26,27.1,,417,,,64,52,57,7,7,65,5,1.68,1.37,3.05,1.50,2.87,,,,,,,,,
2007-2008,Derby County,36,27.6,,418,,,19,12,19,0,0,63,1,0.50,0.32,0.82,0.50,0.82,,,,,,,,,
2007-2008,Everton,23,26.9,,420,,,53,30,52,1,1,40,3,1.39,0.79,2.18,1.37,2.16,,,,,,,,,
2007-2008,Fulham,33,28.0,,418,,,37,17,35,2,3,60,6,0.97,0.45,1.42,0.92,1.37,,,,,,,,,
2007-2008,Liverpool,25,26.2,,418,,,64,43,59,5,5,46,1,1.68,1.13,2.82,1.55,2.68,,,,,,,,,
2007-2008,Manchester City,28,24.5,,418,,,42,30,40,2,2,51,4,1.11,0.79,1.89,1.05,1.84,,,,,,,,,
2007-2008,Manchester Utd,25,26.7,,418,,,78,52,72,6,8,51,2,2.05,1.37,3.42,1.89,3.26,,,,,,,,,
2007-2008,Middlesbrough,29,25.7,,416,,,43,27,41,2,2,86,2,1.13,0.71,1.84,1.08,1.79,,,,,,,,,
2007-2008,Newcastle Utd,26,27.0,,419,,,43,27,39,4,4,66,1,1.13,0.71,1.84,1.03,1.74,,,,,,,,,
2007-2008,Portsmouth,28,28.2,,419,,,46,32,42,4,7,58,3,1.21,0.84,2.05,1.11,1.95,,,,,,,,,
2007-2008,Reading,26,27.6,,418,,,41,26,39,2,4,61,5,1.08,0.68,1.76,1.03,1.71,,,,,,,,,
2007-2008,Sunderland,31,24.9,,418,,,36,21,35,1,2,67,4,0.95,0.55,1.50,0.92,1.47,,,,,,,,,
2007-2008,Tottenham,30,25.5,,418,,,65,35,61,4,6,52,1,1.71,0.92,2.63,1.61,2.53,,,,,,,,,
2007-2008,West Ham,28,26.5,,418,,,39,29,37,2,2,66,2,1.03,0.76,1.79,0.97,1.74,,,,,,,,,
2007-2008,Wigan Athletic,27,27.7,,418,,,33,19,29,4,5,60,4,0.87,0.50,1.37,0.76,1.26,,,,,,,,,
2008-2009,Arsenal,28,24.1,,418,,,65,48,60,5,5,58,3,1.71,1.26,2.97,1.58,2.84,,,,,,,,,
2008-2009,Aston Villa,21,27.1,,418,,,48,35,44,4,5,53,2,1.26,0.92,2.18,1.16,2.08,,,,,,,,,
2008-2009,Blackburn,28,28.3,,418,,,40,28,36,4,7,73,4,1.05,0.74,1.79,0.95,1.68,,,,,,,,,
2008-2009,Bolton,24,27.3,,418,,,40,28,40,0,1,62,1,1.05,0.74,1.79,1.05,1.79,,,,,,,,,
2008-2009,Chelsea,29,27.5,,418,,,65,45,63,2,2,50,2,1.71,1.18,2.89,1.66,2.84,,,,,,,,,
2008-2009,Everton,25,26.4,,417,,,54,38,50,4,5,49,1,1.42,1.00,2.42,1.32,2.32,,,,,,,,,
2008-2009,Fulham,26,28.8,,418,,,39,24,34,5,5,40,1,1.03,0.63,1.66,0.89,1.53,,,,,,,,,
2008-2009,Hull City,29,27.7,,418,,,35,17,32,3,3,70,3,0.92,0.45,1.37,0.84,1.29,,,,,,,,,
2008-2009,Liverpool,23,26.5,,418,,,73,50,68,5,6,50,0,1.92,1.32,3.24,1.79,3.11,,,,,,,,,
2008-2009,Manchester City,34,24.5,,418,,,56,35,50,6,7,49,4,1.47,0.92,2.39,1.32,2.24,,,,,,,,,
2008-2009,Manchester Utd,33,27.1,,418,,,68,51,64,4,4,61,5,1.79,1.34,3.13,1.68,3.03,,,,,,,,,
2008-2009,Middlesbrough,28,24.5,,418,,,26,17,25,1,3,54,3,0.68,0.45,1.13,0.66,1.11,,,,,,,,,
2008-2009,Newcastle Utd,29,26.8,,417,,,39,23,35,4,5,57,8,1.03,0.61,1.63,0.92,1.53,,,,,,,,,
2008-2009,Portsmouth,29,28.6,,417,,,36,25,34,2,3,57,5,0.95,0.66,1.61,0.89,1.55,,,,,,,,,
2008-2009,Stoke City,29,28.5,,418,,,36,23,31,5,6,73,5,0.95,0.61,1.55,0.82,1.42,,,,,,,,,
2008-2009,Sunderland,30,26.1,,418,,,32,19,31,1,1,69,1,0.84,0.50,1.34,0.82,1.32,,,,,,,,,
2008-2009,Tottenham,29,24.9,,418,,,43,30,40,3,4,54,5,1.13,0.79,1.92,1.05,1.84,,,,,,,,,
2008-2009,West Brom,30,25.2,,418,,,34,23,31,3,5,66,1,0.89,0.61,1.50,0.82,1.42,,,,,,,,,
2008-2009,West Ham,30,26.6,,418,,,41,25,40,1,3,66,4,1.08,0.66,1.74,1.05,1.71,,,,,,,,,
2008-2009,Wigan Athletic,29,26.5,,418,,,33,15,28,5,5,59,4,0.87,0.39,1.26,0.74,1.13,,,,,,,,,
2009-2010,Arsenal,30,25.3,,418,,,79,53,76,3,4,56,1,2.08,1.39,3.47,2.00,3.39,,,,,,,,,
2009-2010,Aston Villa,23,27.9,,418,,,48,34,43,5,8,58,2,1.26,0.89,2.16,1.13,2.03,,,,,,,,,
2009-2010,Birmingham City,25,26.8,,418,,,36,22,34,2,4,73,1,0.95,0.58,1.53,0.89,1.47,,,,,,,,,
2009-2010,Blackburn,28,27.3,,417,,,38,22,35,3,3,57,2,1.00,0.58,1.58,0.92,1.50,,,,,,,,,
2009-2010,Bolton,25,27.4,,418,,,42,24,38,4,4,72,5,1.11,0.63,1.74,1.00,1.63,,,,,,,,,
2009-2010,Burnley,27,27.9,,418,,,42,25,36,6,6,55,2,1.11,0.66,1.76,0.95,1.61,,,,,,,,,
2009-2010,Chelsea,30,28.7,,418,,,99,64,88,11,12,54,5,2.61,1.68,4.29,2.32,4.00,,,,,,,,,
2009-2010,Everton,28,27.4,,418,,,56,33,51,5,6,57,2,1.47,0.87,2.34,1.34,2.21,,,,,,,,,
2009-2010,Fulham,29,29.2,,418,,,38,21,34,4,4,46,1,1.00,0.55,1.55,0.89,1.45,,,,,,,,,
2009-2010,Hull City,30,27.7,,418,,,33,16,27,6,8,63,6,0.87,0.42,1.29,0.71,1.13,,,,,,,,,
2009-2010,Liverpool,30,26.3,,418,,,58,37,55,3,3,55,5,1.53,0.97,2.50,1.45,2.42,,,,,,,,,
2009-2010,Manchester City,31,27.0,,418,,,73,48,68,5,5,49,2,1.92,1.26,3.18,1.79,3.05,,,,,,,,,
2009-2010,Manchester Utd,30,27.8,,418,,,74,48,68,6,8,48,4,1.95,1.26,3.21,1.79,3.05,,,,,,,,,
2009-2010,Portsmouth,33,28.2,,418,,,34,19,31,3,6,68,5,0.89,0.50,1.39,0.82,1.32,,,,,,,,,
2009-2010,Stoke City,23,28.5,,418,,,32,23,30,2,2,62,5,0.84,0.61,1.45,0.79,1.39,,,,,,,,,
2009-2010,Sunderland,28,25.4,,418,,,45,28,39,6,9,78,9,1.18,0.74,1.92,1.03,1.76,,,,,,,,,
2009-2010,Tottenham,30,25.4,,418,,,66,45,64,2,3,57,1,1.74,1.18,2.92,1.68,2.87,,,,,,,,,
2009-2010,West Ham,30,26.0,,418,,,46,27,39,7,9,63,3,1.21,0.71,1.92,1.03,1.74,,,,,,,,,
2009-2010,Wigan Athletic,27,26.3,,418,,,36,21,35,1,2,63,3,0.95,0.55,1.50,0.92,1.47,,,,,,,,,
2009-2010,Wolves,29,25.9,,418,,,28,15,26,2,2,61,4,0.74,0.39,1.13,0.68,1.08,,,,,,,,,
2010-2011,Arsenal,27,24.8,,418,,,70,51,66,4,7,65,6,1.84,1.34,3.18,1.74,3.08,,,,,,,,,
2010-2011,Aston Villa,32,27.5,,418,,,45,32,41,4,6,70,2,1.18,0.84,2.03,1.08,1.92,,,,,,,,,
2010-2011,Birmingham City,26,28.0,,418,,,37,23,35,2,2,56,3,0.97,0.61,1.58,0.92,1.53,,,,,,,,,
2010-2011,Blackburn,29,27.8,,418,,,43,28,42,1,2,64,5,1.13,0.74,1.87,1.11,1.84,,,,,,,,,
2010-2011,Blackpool,30,26.8,,418,,,54,29,47,7,8,47,2,1.42,0.76,2.18,1.24,2.00,,,,,,,,,
2010-2011,Bolton,24,28.1,,418,,,50,34,46,4,5,66,5,1.32,0.89,2.21,1.21,2.11,,,,,,,,,
2010-2011,Chelsea,24,28.2,,418,,,68,39,62,6,8,59,1,1.79,1.03,2.82,1.63,2.66,,,,,,,,,
2010-2011,Everton,24,28.1,,418,,,50,33,47,3,4,56,5,1.32,0.87,2.18,1.24,2.11,,,,,,,,,
2010-2011,Fulham,29,29.8,,418,,,48,32,46,2,3,52,1,1.26,0.84,2.11,1.21,2.05,,,,,,,,,
2010-2011,Liverpool,30,26.9,,418,,,58,30,51,7,8,63,2,1.53,0.79,2.32,1.34,2.13,,,,,,,,,
2010-2011,Manchester City,27,25.4,,418,,,56,35,48,8,9,71,5,1.47,0.92,2.39,1.26,2.18,,,,,,,,,
2010-2011,Manchester Utd,29,28.3,,418,,,75,59,72,3,5,56,3,1.97,1.55,3.53,1.89,3.45,,,,,,,,,
2010-2011,Newcastle Utd,30,26.3,,418,,,55,35,50,5,5,78,2,1.45,0.92,2.37,1.32,2.24,,,,,,,,,
2010-2011,Stoke City,25,27.6,,418,,,44,28,41,3,3,69,2,1.16,0.74,1.89,1.08,1.82,,,,,,,,,
2010-2011,Sunderland,31,25.0,,418,,,41,23,37,4,5,56,5,1.08,0.61,1.68,0.97,1.58,,,,,,,,,
2010-2011,Tottenham,28,26.6,,418,,,54,34,49,5,5,50,2,1.42,0.89,2.32,1.29,2.18,,,,,,,,,
2010-2011,West Brom,28,26.7,,418,,,52,37,48,4,6,51,7,1.37,0.97,2.34,1.26,2.24,,,,,,,,,
2010-2011,West Ham,35,27.9,,418,,,41,21,36,5,6,58,1,1.08,0.55,1.63,0.95,1.50,,,,,,,,,
2010-2011,Wigan Athletic,25,25.8,,418,,,37,20,35,2,3,67,4,0.97,0.53,1.50,0.92,1.45,,,,,,,,,
2010-2011,Wolves,30,25.8,,418,,,45,29,42,3,3,62,2,1.18,0.76,1.95,1.11,1.87,,,,,,,,,
2011-2012,Arsenal,32,25.2,,418,,,73,57,71,2,3,64,4,1.92,1.50,3.42,1.87,3.37,,,,,,,,,
2011-2012,Aston Villa,27,27.3,,418,,,37,26,34,3,3,69,2,0.97,0.68,1.66,0.89,1.58,,,,,,,,,
2011-2012,Blackburn,31,25.5,,418,,,44,32,40,4,8,66,5,1.16,0.84,2.00,1.05,1.89,,,,,,,,,
2011-2012,Bolton,30,27.4,,418,,,43,29,38,5,6,50,5,1.13,0.76,1.89,1.00,1.76,,,,,,,,,
2011-2012,Chelsea,29,27.6,,418,,,63,45,59,4,5,74,4,1.66,1.18,2.84,1.55,2.74,,,,,,,,,
2011-2012,Everton,29,28.6,,407,,,47,32,42,5,5,61,2,1.24,0.84,2.08,1.11,1.95,,,,,,,,,
2011-2012,Fulham,28,29.6,,418,,,44,31,41,3,4,54,0,1.16,0.82,1.97,1.08,1.89,,,,,,,,,
2011-2012,Liverpool,26,26.3,,418,,,42,23,41,1,4,52,5,1.11,0.61,1.71,1.08,1.68,,,,,,,,,
2011-2012,Manchester City,24,25.8,,418,,,91,73,84,7,8,51,5,2.39,1.92,4.32,2.21,4.13,,,,,,,,,
2011-2012,Manchester Utd,31,26.3,,418,,,87,69,78,9,11,51,1,2.29,1.82,4.11,2.05,3.87,,,,,,,,,
2011-2012,Newcastle Utd,26,25.6,,418,,,51,36,49,2,3,65,2,1.34,0.95,2.29,1.29,2.24,,,,,,,,,
2011-2012,Norwich City,27,25.8,,418,,,52,33,50,2,2,58,3,1.37,0.87,2.24,1.32,2.18,,,,,,,,,
2011-2012,QPR,34,28.8,,418,,,41,25,39,2,2,53,9,1.08,0.66,1.74,1.03,1.68,,,,,,,,,
2011-2012,Stoke City,23,27.9,,418,,,35,28,31,4,6,60,2,0.92,0.74,1.66,0.82,1.55,,,,,,,,,
2011-2012,Sunderland,28,25.8,,418,,,43,25,42,1,2,58,4,1.13,0.66,1.79,1.11,1.76,,,,,,,,,
2011-2012,Swansea City,25,25.4,,418,,,43,24,38,5,6,40,2,1.13,0.63,1.76,1.00,1.63,,,,,,,,,
2011-2012,Tottenham,29,27.6,,418,,,66,48,62,4,5,43,3,1.74,1.26,3.00,1.63,2.89,,,,,,,,,
2011-2012,West Brom,25,27.8,,418,,,44,30,43,1,2,47,1,1.16,0.79,1.95,1.13,1.92,,,,,,,,,
2011-2012,Wigan Athletic,23,26.3,,418,,,41,22,36,5,7,67,3,1.08,0.58,1.66,0.95,1.53,,,,,,,,,
2011-2012,Wolves,32,26.0,,418,,,40,25,37,3,4,64,4,1.05,0.66,1.71,0.97,1.63,,,,,,,,,
2012-2013,Arsenal,26,25.6,,418,,,69,54,64,5,6,37,4,1.82,1.42,3.24,1.68,3.11,,,,,,,,,
2012-2013,Aston Villa,28,24.1,,418,,,47,34,44,3,3,72,3,1.24,0.89,2.13,1.16,2.05,,,,,,,,,
2012-2013,Chelsea,26,26.4,,418,,,71,50,62,9,11,51,3,1.87,1.32,3.18,1.63,2.95,,,,,,,,,
2012-2013,Everton,23,28.8,,418,,,53,42,51,2,2,59,3,1.39,1.11,2.50,1.34,2.45,,,,,,,,,
2012-2013,Fulham,29,30.4,,418,,,45,32,39,6,6,48,3,1.18,0.84,2.03,1.03,1.87,,,,,,,,,
2012-2013,Liverpool,28,26.2,,418,,,67,47,62,5,6,54,2,1.76,1.24,3.00,1.63,2.87,,,,,,,,,
2012-2013,Manchester City,25,26.7,,418,,,64,45,60,4,6,63,3,1.68,1.18,2.87,1.58,2.76,,,,,,,,,
2012-2013,Manchester Utd,25,27.3,,418,,,80,63,76,4,7,57,1,2.11,1.66,3.76,2.00,3.66,,,,,,,,,
2012-2013,Newcastle Utd,32,26.2,,418,,,43,22,39,4,5,71,4,1.13,0.58,1.71,1.03,1.61,,,,,,,,,
2012-2013,Norwich City,27,26.7,,418,,,40,27,39,1,2,60,1,1.05,0.71,1.76,1.03,1.74,,,,,,,,,
2012-2013,QPR,30,28.2,,418,,,29,22,28,1,4,59,3,0.76,0.58,1.34,0.74,1.32,,,,,,,,,
2012-2013,Reading,28,27.2,,418,,,41,28,37,4,4,45,1,1.08,0.74,1.82,0.97,1.71,,,,,,,,,
2012-2013,Southampton,25,25.3,,418,,,46,25,43,3,3,43,2,1.21,0.66,1.87,1.13,1.79,,,,,,,,,
2012-2013,Stoke City,24,27.1,,418,,,33,23,30,3,5,76,4,0.87,0.61,1.47,0.79,1.39,,,,,,,,,
2012-2013,Sunderland,29,26.2,,418,,,39,24,35,4,4,61,3,1.03,0.63,1.66,0.92,1.55,,,,,,,,,
2012-2013,Swansea City,25,26.6,,418,,,47,32,47,0,0,57,2,1.24,0.84,2.08,1.24,2.08,,,,,,,,,
2012-2013,Tottenham,28,26.3,,418,,,62,45,62,0,0,54,2,1.63,1.18,2.82,1.63,2.82,,,,,,,,,
2012-2013,West Brom,25,27.6,,418,,,50,38,45,5,7,62,4,1.32,1.00,2.32,1.18,2.18,,,,,,,,,
2012-2013,West Ham,26,28.0,,418,,,43,33,39,4,4,74,1,1.13,0.87,2.00,1.03,1.89,,,,,,,,,
2012-2013,Wigan Athletic,28,27.7,,418,,,45,35,44,1,1,66,2,1.18,0.92,2.11,1.16,2.08,,,,,,,,,
2013-2014,Arsenal,27,26.8,,418,,,68,48,65,3,3,0,0,1.79,1.26,3.05,1.71,2.97,,,,,,,,,
2013-2014,Aston Villa,26,24.6,,418,,,38,25,36,2,4,0,0,1.00,0.66,1.66,0.95,1.61,,,,,,,,,
2013-2014,Cardiff City,32,25.4,,418,,,31,24,30,1,1,0,0,0.82,0.63,1.45,0.79,1.42,,,,,,,,,
2013-2014,Chelsea,29,27.7,,418,,,69,39,64,5,7,0,0,1.82,1.03,2.84,1.68,2.71,,,,,,,,,
2013-2014,Crystal Palace,31,28.1,,418,,,32,21,27,5,6,0,0,0.84,0.55,1.39,0.71,1.26,,,,,,,,,
2013-2014,Everton,28,27.6,,418,,,58,42,55,3,3,0,0,1.53,1.11,2.63,1.45,2.55,,,,,,,,,
2013-2014,Fulham,39,29.0,,418,,,38,28,36,2,3,0,0,1.00,0.74,1.74,0.95,1.68,,,,,,,,,
2013-2014,Hull City,27,27.5,,418,,,35,21,33,2,3,0,0,0.92,0.55,1.47,0.87,1.42,,,,,,,,,
2013-2014,Liverpool,25,25.7,,418,,,97,61,87,10,12,0,0,2.55,1.61,4.16,2.29,3.89,,,,,,,,,
2013-2014,Manchester City,23,27.7,,418,,,97,63,91,6,7,0,0,2.55,1.66,4.21,2.39,4.05,,,,,,,,,
2013-2014,Manchester Utd,30,26.7,,418,,,63,37,58,5,5,0,0,1.66,0.97,2.63,1.53,2.50,,,,,,,,,
2013-2014,Newcastle Utd,26,26.4,,418,,,41,25,39,2,3,0,0,1.08,0.66,1.74,1.03,1.68,,,,,,,,,
2013-2014,Norwich City,25,26.3,,418,,,28,18,27,1,2,0,0,0.74,0.47,1.21,0.71,1.18,,,,,,,,,
2013-2014,Southampton,24,25.1,,418,,,52,37,49,3,3,0,0,1.37,0.97,2.34,1.29,2.26,,,,,,,,,
2013-2014,Stoke City,26,27.3,,418,,,44,26,40,4,5,0,0,1.16,0.68,1.84,1.05,1.74,,,,,,,,,
2013-2014,Sunderland,31,26.5,,418,,,41,24,35,6,6,0,0,1.08,0.63,1.71,0.92,1.55,,,,,,,,,
2013-2014,Swansea City,27,26.5,,418,,,47,37,43,4,4,0,0,1.24,0.97,2.21,1.13,2.11,,,,,,,,,
2013-2014,Tottenham,28,25.2,,418,,,50,33,45,5,6,0,0,1.32,0.87,2.18,1.18,2.05,,,,,,,,,
2013-2014,West Brom,28,28.4,,418,,,41,27,39,2,2,0,0,1.08,0.71,1.79,1.03,1.74,,,,,,,,,
2013-2014,West Ham,29,28.5,,418,,,36,22,34,2,2,0,0,0.95,0.58,1.53,0.89,1.47,,,,,,,,,
2014-2015,Arsenal,29,26.1,56.6,418,"3,420",38.0,69,47,63,6,7,0,0,1.82,1.24,3.05,1.66,2.89,,,,,,,,,
2014-2015,Aston Villa,27,26.3,49.0,418,"3,420",38.0,31,23,30,1,1,0,0,0.82,0.61,1.42,0.79,1.39,,,,,,,,,
2014-2015,Burnley,24,27.2,42.5,418,"3,420",38.0,27,22,26,1,2,0,0,0.71,0.58,1.29,0.68,1.26,,,,,,,,,
2014-2015,Chelsea,25,27.0,55.9,418,"3,420",38.0,72,59,68,4,5,0,0,1.89,1.55,3.45,1.79,3.34,,,,,,,,,
2014-2015,Crystal Palace,30,27.8,40.4,418,"3,420",38.0,46,27,41,5,7,0,0,1.21,0.71,1.92,1.08,1.79,,,,,,,,,
2014-2015,Everton,28,27.9,54.7,418,"3,420",38.0,47,31,43,4,7,0,0,1.24,0.82,2.05,1.13,1.95,,,,,,,,,
2014-2015,Hull City,29,27.4,44.2,418,"3,420",38.0,32,22,31,1,1,0,0,0.84,0.58,1.42,0.82,1.39,,,,,,,,,
2014-2015,Leicester City,28,27.9,43.5,418,"3,420",38.0,45,29,42,3,3,0,0,1.18,0.76,1.95,1.11,1.87,,,,,,,,,
2014-2015,Liverpool,25,25.2,55.8,418,"3,420",38.0,48,30,43,5,6,0,0,1.26,0.79,2.05,1.13,1.92,,,,,,,,,
2014-2015,Manchester City,24,28.6,59.8,418,"3,420",38.0,82,61,75,7,8,0,0,2.16,1.61,3.76,1.97,3.58,,,,,,,,,
2014-2015,Manchester Utd,33,26.0,61.2,418,"3,420",38.0,60,41,57,3,5,0,0,1.58,1.08,2.66,1.50,2.58,,,,,,,,,
2014-2015,Newcastle Utd,27,25.9,47.7,418,"3,420",38.0,40,30,39,1,1,0,0,1.05,0.79,1.84,1.03,1.82,,,,,,,,,
2014-2015,QPR,32,28.2,45.2,418,"3,420",38.0,39,29,36,3,5,0,0,1.03,0.76,1.79,0.95,1.71,,,,,,,,,
2014-2015,Southampton,29,26.0,53.1,418,"3,420",38.0,49,32,47,2,3,0,0,1.29,0.84,2.13,1.24,2.08,,,,,,,,,
2014-2015,Stoke City,25,27.4,50.4,418,"3,420",38.0,47,30,44,3,3,0,0,1.24,0.79,2.03,1.16,1.95,,,,,,,,,
2014-2015,Sunderland,25,27.8,45.2,417,"3,420",38.0,30,20,26,4,4,0,0,0.79,0.53,1.32,0.68,1.21,,,,,,,,,
2014-2015,Swansea City,27,26.6,50.1,418,"3,420",38.0,43,34,41,2,2,0,0,1.13,0.89,2.03,1.08,1.97,,,,,,,,,
2014-2015,Tottenham,27,24.4,57.0,418,"3,420",38.0,56,40,53,3,5,0,0,1.47,1.05,2.53,1.39,2.45,,,,,,,,,
2014-2015,West Brom,26,28.0,43.7,418,"3,420",38.0,37,29,33,4,5,0,0,0.97,0.76,1.74,0.87,1.63,,,,,,,,,
2014-2015,West Ham,28,26.8,45.6,418,"3,420",38.0,43,34,42,1,2,0,0,1.13,0.89,2.03,1.11,2.00,,,,,,,,,
2015-2016,Arsenal,25,27.0,58.3,418,"3,420",38.0,62,53,61,1,2,0,0,1.63,1.39,3.03,1.61,3.00,,,,,,,,,
2015-2016,Aston Villa,29,26.6,46.4,418,"3,420",38.0,24,19,22,2,2,0,0,0.63,0.50,1.13,0.58,1.08,,,,,,,,,
2015-2016,Bournemouth,28,27.7,51.2,418,"3,420",38.0,43,28,40,3,4,0,0,1.13,0.74,1.87,1.05,1.79,,,,,,,,,
2015-2016,Chelsea,28,26.8,56.2,418,"3,420",38.0,55,40,51,4,5,0,0,1.45,1.05,2.50,1.34,2.39,,,,,,,,,
2015-2016,Crystal Palace,30,27.7,45.8,418,"3,420",38.0,38,21,34,4,5,0,0,1.00,0.55,1.55,0.89,1.45,,,,,,,,,
2015-2016,Everton,31,26.5,51.9,418,"3,420",38.0,56,44,52,4,5,0,0,1.47,1.16,2.63,1.37,2.53,,,,,,,,,
2015-2016,Leicester City,23,27.7,42.6,418,"3,420",38.0,68,43,58,10,13,0,0,1.79,1.13,2.92,1.53,2.66,,,,,,,,,
2015-2016,Liverpool,34,25.2,57.2,418,"3,420",38.0,62,50,60,2,2,0,0,1.63,1.32,2.95,1.58,2.89,,,,,,,,,
2015-2016,Manchester City,25,28.3,56.9,418,"3,420",38.0,71,53,66,5,8,0,0,1.87,1.39,3.26,1.74,3.13,,,,,,,,,
2015-2016,Manchester Utd,33,25.6,58.5,418,"3,420",38.0,46,31,43,3,3,0,0,1.21,0.82,2.03,1.13,1.95,,,,,,,,,
2015-2016,Newcastle Utd,31,25.4,46.6,418,"3,420",38.0,43,34,40,3,3,0,0,1.13,0.89,2.03,1.05,1.95,,,,,,,,,
2015-2016,Norwich City,28,27.7,46.0,418,"3,420",38.0,38,27,37,1,1,0,0,1.00,0.71,1.71,0.97,1.68,,,,,,,,,
2015-2016,Southampton,26,26.4,49.2,418,"3,420",38.0,58,45,55,3,4,0,0,1.53,1.18,2.71,1.45,2.63,,,,,,,,,
2015-2016,Stoke City,27,27.4,49.7,418,"3,420",38.0,40,29,35,5,5,0,0,1.05,0.76,1.82,0.92,1.68,,,,,,,,,
2015-2016,Sunderland,31,27.3,41.0,418,"3,420",38.0,44,30,41,3,3,0,0,1.16,0.79,1.95,1.08,1.87,,,,,,,,,
2015-2016,Swansea City,27,27.6,52.5,418,"3,420",38.0,41,25,36,5,5,0,0,1.08,0.66,1.74,0.95,1.61,,,,,,,,,
2015-2016,Tottenham,24,24.5,57.4,418,"3,420",38.0,68,50,63,5,5,0,0,1.79,1.32,3.11,1.66,2.97,,,,,,,,,
2015-2016,Watford,25,28.2,45.1,418,"3,420",38.0,38,18,32,6,7,0,0,1.00,0.47,1.47,0.84,1.32,,,,,,,,,
2015-2016,West Brom,28,29.1,39.8,418,"3,420",38.0,32,25,31,1,5,0,0,0.84,0.66,1.50,0.82,1.47,,,,,,,,,
2015-2016,West Ham,28,26.6,48.4,418,"3,420",38.0,64,38,60,4,4,0,0,1.68,1.00,2.68,1.58,2.58,,,,,,,,,
2016-2017,Arsenal,29,26.9,58.9,418,"3,420",38.0,73,55,69,4,6,0,0,1.92,1.45,3.37,1.82,3.26,,,,,,,,,
2016-2017,Bournemouth,27,27.0,51.5,418,"3,420",38.0,53,33,46,7,10,0,2,1.39,0.87,2.26,1.21,2.08,,,,,,,,,
2016-2017,Burnley,27,27.7,40.3,418,"3,420",38.0,39,24,33,6,6,0,1,1.03,0.63,1.66,0.87,1.50,,,,,,,,,
2016-2017,Chelsea,24,27.2,55.1,418,"3,420",38.0,83,53,81,2,4,0,0,2.18,1.39,3.58,2.13,3.53,,,,,,,,,
2016-2017,Crystal Palace,31,27.7,45.4,418,"3,420",38.0,48,32,44,4,7,0,0,1.26,0.84,2.11,1.16,2.00,,,,,,,,,
2016-2017,Everton,27,27.5,52.1,418,"3,420",38.0,58,45,55,3,4,0,1,1.53,1.18,2.71,1.45,2.63,,,,,,,,,
2016-2017,Hull City,28,27.4,45.9,418,"3,420",38.0,36,24,33,3,3,0,0,0.95,0.63,1.58,0.87,1.50,,,,,,,,,
2016-2017,Leicester City,25,27.8,41.9,418,"3,420",38.0,46,32,42,4,6,0,0,1.21,0.84,2.05,1.11,1.95,,,,,,,,,
2016-2017,Liverpool,23,26.1,62.0,418,"3,420",38.0,77,52,70,7,8,0,0,2.03,1.37,3.39,1.84,3.21,,,,,,,,,
2016-2017,Manchester City,25,28.5,65.0,418,"3,420",38.0,75,54,68,7,9,0,0,1.97,1.42,3.39,1.79,3.21,,,,,,,,,
2016-2017,Manchester Utd,31,26.7,56.5,418,"3,420",38.0,54,37,51,3,4,0,1,1.42,0.97,2.39,1.34,2.32,,,,,,,,,
2016-2017,Middlesbrough,27,27.3,47.3,418,"3,420",38.0,26,22,24,2,2,0,1,0.68,0.58,1.26,0.63,1.21,,,,,,,,,
2016-2017,Southampton,26,26.0,54.4,418,"3,420",38.0,39,27,36,3,6,0,1,1.03,0.71,1.74,0.95,1.66,,,,,,,,,
2016-2017,Stoke City,26,28.7,46.3,418,"3,420",38.0,37,24,33,4,6,0,1,0.97,0.63,1.61,0.87,1.50,,,,,,,,,
2016-2017,Sunderland,31,26.8,39.7,418,"3,420",38.0,28,11,23,5,5,0,3,0.74,0.29,1.03,0.61,0.89,,,,,,,,,
2016-2017,Swansea City,27,27.4,47.9,418,"3,420",38.0,45,31,42,3,3,0,0,1.18,0.82,2.00,1.11,1.92,,,,,,,,,
2016-2017,Tottenham,24,25.3,60.5,418,"3,420",38.0,84,59,77,7,9,0,0,2.21,1.55,3.76,2.03,3.58,,,,,,,,,
2016-2017,Watford,33,29.0,46.1,418,"3,420",38.0,39,27,36,3,3,0,3,1.03,0.71,1.74,0.95,1.66,,,,,,,,,
2016-2017,West Brom,23,29.4,37.3,418,"3,420",38.0,43,33,42,1,1,0,0,1.13,0.87,2.00,1.11,1.97,,,,,,,,,
2016-2017,West Ham,29,27.1,47.1,418,"3,420",38.0,46,28,43,3,4,0,4,1.21,0.74,1.95,1.13,1.87,,,,,,,,,
2017-2018,Arsenal,30,26.8,61.5,418,"3,420",38.0,73,61,69,4,5,,,1.92,1.61,3.53,1.82,3.42,68.4,64.6,51.3,115.9,1.80,1.35,3.15,1.70,3.05
2017-2018,Bournemouth,22,26.9,47.8,418,"3,420",38.0,45,36,42,3,3,,,1.18,0.95,2.13,1.11,2.05,44.8,42.5,32.2,74.7,1.18,0.85,2.02,1.12,1.97
2017-2018,Brighton,24,27.5,43.7,418,"3,420",38.0,33,25,28,5,7,,,0.87,0.66,1.53,0.74,1.39,37.2,31.8,23.0,54.8,0.98,0.60,1.58,0.84,1.44
2017-2018,Burnley,24,27.5,43.9,418,"3,420",38.0,35,26,35,0,0,,,0.92,0.68,1.61,0.92,1.61,34.5,34.5,23.9,58.4,0.91,0.63,1.54,0.91,1.54
2017-2018,Chelsea,26,26.7,55.4,418,"3,420",38.0,60,42,57,3,3,,,1.58,1.11,2.68,1.50,2.61,57.9,55.7,42.2,97.9,1.52,1.11,2.64,1.46,2.58
2017-2018,Crystal Palace,28,27.1,45.3,418,"3,420",38.0,44,26,36,8,10,,,1.16,0.68,1.84,0.95,1.63,56.1,48.9,33.7,82.6,1.48,0.89,2.36,1.29,2.17
2017-2018,Everton,30,26.7,45.9,418,"3,420",38.0,42,26,37,5,8,,,1.11,0.68,1.79,0.97,1.66,41.5,35.2,24.3,59.6,1.09,0.64,1.73,0.93,1.57
2017-2018,Huddersfield,25,26.4,45.7,418,"3,420",38.0,25,19,23,2,2,,,0.66,0.50,1.16,0.61,1.11,31.7,30.2,21.9,52.1,0.83,0.58,1.41,0.79,1.37
2017-2018,Leicester City,27,27.2,47.9,418,"3,420",38.0,53,38,48,5,6,,,1.39,1.00,2.39,1.26,2.26,48.1,43.5,31.9,75.4,1.27,0.84,2.11,1.15,1.99
2017-2018,Liverpool,27,25.6,60.5,418,"3,420",38.0,82,58,80,2,3,,,2.16,1.53,3.68,2.11,3.63,72.8,70.5,50.1,120.6,1.92,1.32,3.23,1.86,3.17
2017-2018,Manchester City,25,26.4,71.1,418,"3,420",38.0,103,85,97,6,8,,,2.71,2.24,4.95,2.55,4.79,86.4,80.4,63.3,143.7,2.27,1.67,3.94,2.11,3.78
2017-2018,Manchester Utd,27,26.7,54.8,418,"3,420",38.0,67,53,66,1,3,,,1.76,1.39,3.16,1.74,3.13,60.7,58.2,43.8,102.1,1.60,1.15,2.75,1.53,2.69
2017-2018,Newcastle Utd,27,25.6,41.7,418,"3,420",38.0,38,29,38,0,1,,,1.00,0.76,1.76,1.00,1.76,45.3,44.5,30.6,75.1,1.19,0.80,2.00,1.17,1.98
2017-2018,Southampton,26,26.2,51.5,418,"3,420",38.0,36,23,33,3,3,,,0.95,0.61,1.55,0.87,1.47,42.1,39.9,31.7,71.6,1.11,0.83,1.94,1.05,1.88
2017-2018,Stoke City,30,27.5,41.3,418,"3,420",38.0,34,28,34,0,3,,,0.89,0.74,1.63,0.89,1.63,37.5,35.3,25.8,61.1,0.99,0.68,1.67,0.93,1.61
2017-2018,Swansea City,26,27.2,45.2,418,"3,420",38.0,27,20,26,1,1,,,0.71,0.53,1.24,0.68,1.21,30.5,29.8,18.4,48.2,0.80,0.48,1.29,0.78,1.27
2017-2018,Tottenham,25,25.8,61.9,418,"3,420",38.0,70,51,68,2,3,,,1.84,1.34,3.18,1.79,3.13,67.3,65.0,48.0,113.0,1.77,1.26,3.03,1.71,2.97
2017-2018,Watford,29,27.9,49.6,418,"3,420",38.0,42,27,39,3,6,,,1.11,0.71,1.82,1.03,1.74,47.4,42.6,29.8,72.4,1.25,0.78,2.03,1.12,1.90
2017-2018,West Brom,24,29.1,40.6,418,"3,420",38.0,31,24,30,1,1,,,0.82,0.63,1.45,0.79,1.42,34.4,33.7,23.3,56.9,0.91,0.61,1.52,0.89,1.50
2017-2018,West Ham,27,28.0,45.0,418,"3,420",38.0,48,29,46,2,4,,,1.26,0.76,2.03,1.21,1.97,39.8,36.8,25.3,62.1,1.05,0.67,1.71,0.97,1.63
2018-2019,Arsenal,28,26.7,58.0,418,"3,420",38.0,69,52,65,4,5,73,2,1.82,1.37,3.18,1.71,3.08,59.0,55.1,45.8,100.9,1.55,1.21,2.76,1.45,2.66
2018-2019,Bournemouth,28,26.6,46.8,418,"3,420",38.0,55,43,48,7,9,60,1,1.45,1.13,2.58,1.26,2.39,54.2,47.3,38.5,85.8,1.43,1.01,2.44,1.25,2.26
2018-2019,Brighton,21,27.4,42.6,418,"3,420",38.0,35,24,30,5,6,61,4,0.92,0.63,1.55,0.79,1.42,34.4,29.9,23.2,53.1,0.91,0.61,1.52,0.79,1.40
2018-2019,Burnley,23,28.0,41.2,418,"3,420",38.0,43,32,41,2,2,75,1,1.13,0.84,1.97,1.08,1.92,40.8,39.3,25.4,64.7,1.07,0.67,1.74,1.03,1.70
2018-2019,Cardiff City,25,27.7,35.6,418,"3,420",38.0,33,20,30,3,4,66,1,0.87,0.53,1.39,0.79,1.32,39.4,36.3,22.8,59.2,1.04,0.60,1.64,0.96,1.56
2018-2019,Chelsea,24,27.3,62.8,418,"3,420",38.0,61,52,56,5,5,49,0,1.61,1.37,2.97,1.47,2.84,58.9,55.1,44.8,99.9,1.55,1.18,2.73,1.45,2.63
2018-2019,Crystal Palace,26,27.4,45.0,418,"3,420",38.0,48,33,38,10,11,58,2,1.26,0.87,2.13,1.00,1.87,50.3,42.2,30.4,72.6,1.32,0.80,2.12,1.11,1.91
2018-2019,Everton,23,25.7,51.5,418,"3,420",38.0,53,34,51,2,5,56,4,1.39,0.89,2.29,1.34,2.24,48.3,44.3,31.5,75.8,1.27,0.83,2.10,1.17,1.99
2018-2019,Fulham,28,26.0,48.6,418,"3,420",38.0,33,24,31,2,3,70,2,0.87,0.63,1.50,0.82,1.45,38.8,36.5,28.3,64.8,1.02,0.74,1.76,0.96,1.70
2018-2019,Huddersfield,31,26.2,47.0,418,"3,420",38.0,20,13,19,1,1,56,4,0.53,0.34,0.87,0.50,0.84,29.5,28.7,20.1,48.8,0.78,0.53,1.30,0.76,1.28
2018-2019,Leicester City,25,25.9,51.1,418,"3,420",38.0,48,34,43,5,7,60,5,1.26,0.89,2.16,1.13,2.03,49.6,44.4,35.6,80.0,1.30,0.94,2.24,1.17,2.11
2018-2019,Liverpool,23,26.1,61.7,418,"3,420",38.0,86,55,79,7,7,39,2,2.26,1.45,3.71,2.08,3.53,75.5,70.2,49.8,120.0,1.99,1.31,3.30,1.85,3.16
2018-2019,Manchester City,21,26.7,67.8,418,"3,420",38.0,91,71,88,3,4,44,1,2.39,1.87,4.26,2.32,4.18,84.6,81.6,65.1,146.7,2.23,1.71,3.94,2.15,3.86
2018-2019,Manchester Utd,28,26.3,54.5,418,"3,420",38.0,65,40,56,9,12,75,4,1.71,1.05,2.76,1.47,2.53,58.8,49.6,38.0,87.6,1.55,1.00,2.55,1.30,2.30
2018-2019,Newcastle Utd,24,26.9,40.4,418,"3,420",38.0,41,33,40,1,3,57,2,1.08,0.87,1.95,1.05,1.92,38.8,36.5,26.4,63.0,1.02,0.70,1.72,0.96,1.66
2018-2019,Southampton,30,25.4,43.9,418,"3,420",38.0,44,27,40,4,5,73,3,1.16,0.71,1.87,1.05,1.76,47.5,43.9,28.1,72.1,1.25,0.74,1.99,1.16,1.90
2018-2019,Tottenham,28,26.8,58.9,418,"3,420",38.0,66,47,62,4,4,57,3,1.74,1.24,2.97,1.63,2.87,58.5,55.5,38.9,94.4,1.54,1.02,2.56,1.46,2.48
2018-2019,Watford,25,28.5,47.1,418,"3,420",38.0,51,39,50,1,1,79,4,1.34,1.03,2.37,1.32,2.34,47.5,46.8,33.8,80.6,1.25,0.89,2.14,1.23,2.12
2018-2019,West Ham,26,27.6,48.7,418,"3,420",38.0,51,33,46,5,5,59,1,1.34,0.87,2.21,1.21,2.08,47.7,44.0,31.5,75.4,1.25,0.83,2.08,1.16,1.99
2018-2019,Wolves,21,26.1,46.9,418,"3,420",38.0,46,35,42,4,4,73,1,1.21,0.92,2.13,1.11,2.03,48.2,45.2,33.9,79.1,1.27,0.89,2.16,1.19,2.08
2019-2020,Arsenal,29,25.8,54.0,418,"3,420",38.0,56,35,53,3,3,88,5,1.47,0.92,2.39,1.39,2.32,49.2,46.9,29.9,76.9,1.30,0.79,2.08,1.24,2.02
2019-2020,Aston Villa,28,25.7,43.9,418,"3,420",38.0,40,32,39,1,3,70,1,1.05,0.84,1.89,1.03,1.87,40.1,37.7,30.4,68.1,1.05,0.80,1.85,0.99,1.79
2019-2020,Bournemouth,27,25.2,43.8,418,"3,420",38.0,38,24,34,4,4,78,3,1.00,0.63,1.63,0.89,1.53,42.7,39.7,27.4,67.0,1.12,0.72,1.84,1.04,1.76
2019-2020,Brighton,25,26.4,52.2,418,"3,420",38.0,35,24,34,1,2,59,2,0.92,0.63,1.55,0.89,1.53,41.2,39.7,26.5,66.2,1.08,0.70,1.78,1.04,1.74
2019-2020,Burnley,22,28.0,41.4,418,"3,420",38.0,41,30,38,3,3,67,0,1.08,0.79,1.87,1.00,1.79,43.9,41.6,27.2,68.8,1.15,0.72,1.87,1.09,1.81
2019-2020,Chelsea,27,25.5,60.7,418,"3,420",38.0,69,46,62,7,7,60,0,1.82,1.21,3.03,1.63,2.84,66.6,61.7,46.2,107.9,1.75,1.22,2.97,1.62,2.84
2019-2020,Crystal Palace,25,29.4,44.5,418,"3,420",38.0,29,20,26,3,3,62,2,0.76,0.53,1.29,0.68,1.21,34.0,31.9,23.6,55.5,0.90,0.62,1.52,0.84,1.46
2019-2020,Everton,24,25.5,49.2,418,"3,420",38.0,42,32,41,1,1,76,3,1.11,0.84,1.95,1.08,1.92,49.3,48.5,30.9,79.4,1.30,0.81,2.11,1.28,2.09
2019-2020,Leicester City,24,26.1,57.6,418,"3,420",38.0,65,48,60,5,7,43,3,1.71,1.26,2.97,1.58,2.84,61.6,56.2,44.0,100.3,1.62,1.16,2.78,1.48,2.64
2019-2020,Liverpool,24,26.6,63.4,418,"3,420",38.0,83,69,78,5,5,38,1,2.18,1.82,4.00,2.05,3.87,71.5,67.7,51.8,119.5,1.88,1.36,3.25,1.78,3.15
2019-2020,Manchester City,24,26.9,66.9,418,"3,420",38.0,100,69,94,6,11,64,4,2.63,1.82,4.45,2.47,4.29,93.1,84.7,66.2,150.9,2.45,1.74,4.19,2.23,3.97
2019-2020,Manchester Utd,29,24.8,56.2,418,"3,420",38.0,65,43,55,10,14,73,0,1.71,1.13,2.84,1.45,2.58,59.4,48.8,37.0,85.8,1.56,0.97,2.54,1.28,2.26
2019-2020,Newcastle Utd,28,26.5,38.6,418,"3,420",38.0,38,29,38,0,1,66,3,1.00,0.76,1.76,1.00,1.76,33.1,32.3,23.2,55.6,0.87,0.61,1.48,0.85,1.46
2019-2020,Norwich City,30,26.0,49.3,418,"3,420",38.0,25,18,23,2,2,68,3,0.66,0.47,1.13,0.61,1.08,38.0,36.6,26.1,62.7,1.00,0.69,1.69,0.96,1.65
2019-2020,Sheffield Utd,26,26.9,43.1,418,"3,420",38.0,36,25,35,1,1,63,2,0.95,0.66,1.61,0.92,1.58,41.5,40.8,31.5,72.3,1.09,0.83,1.92,1.07,1.90
2019-2020,Southampton,25,25.9,49.3,418,"3,420",38.0,51,32,49,2,5,55,4,1.34,0.84,2.18,1.29,2.13,53.9,49.9,31.3,81.2,1.42,0.82,2.24,1.31,2.14
2019-2020,Tottenham,29,26.7,52.2,418,"3,420",38.0,56,39,53,3,4,84,3,1.47,1.03,2.50,1.39,2.42,46.1,43.0,30.8,73.8,1.21,0.81,2.02,1.13,1.94
2019-2020,Watford,26,28.9,42.5,418,"3,420",38.0,35,21,28,7,8,80,3,0.92,0.55,1.47,0.74,1.29,45.1,39.1,28.2,67.3,1.19,0.74,1.93,1.03,1.77
2019-2020,West Ham,29,27.4,44.0,418,"3,420",38.0,49,36,45,4,4,64,1,1.29,0.95,2.24,1.18,2.13,46.1,43.1,31.8,74.9,1.21,0.84,2.05,1.13,1.97
2019-2020,Wolves,21,26.6,48.3,418,"3,420",38.0,49,34,45,4,4,61,2,1.29,0.89,2.18,1.18,2.08,47.1,44.1,32.3,76.3,1.24,0.85,2.09,1.16,2.01
2020-2021,Arsenal,29,25.9,53.8,418,"3,420",38.0,53,38,47,6,6,49,5,1.39,1.00,2.39,1.24,2.24,53.5,49.0,36.6,85.5,1.41,0.96,2.37,1.29,2.25
2020-2021,Aston Villa,24,25.2,48.1,418,"3,420",38.0,52,38,47,5,6,71,4,1.37,1.00,2.37,1.24,2.24,52.9,48.5,37.1,85.6,1.39,0.98,2.37,1.28,2.25
2020-2021,Brighton,27,25.8,51.3,418,"3,420",38.0,39,24,33,6,9,49,6,1.03,0.63,1.66,0.87,1.50,51.6,44.8,33.0,77.8,1.36,0.87,2.23,1.18,2.05
2020-2021,Burnley,25,28.3,41.7,418,"3,420",38.0,32,20,29,3,3,48,0,0.84,0.53,1.37,0.76,1.29,39.9,37.6,27.1,64.8,1.05,0.71,1.76,0.99,1.70
2020-2021,Chelsea,27,26.0,61.4,418,"3,420",38.0,56,38,48,8,10,51,3,1.47,1.00,2.47,1.26,2.26,64.0,56.4,42.4,98.8,1.68,1.12,2.80,1.48,2.60
2020-2021,Crystal Palace,24,29.1,40.1,418,"3,420",38.0,39,29,36,3,4,56,2,1.03,0.76,1.79,0.95,1.71,32.4,29.5,20.9,50.4,0.85,0.55,1.40,0.78,1.33
2020-2021,Everton,29,26.3,46.5,418,"3,420",38.0,45,32,41,4,5,59,2,1.18,0.84,2.03,1.08,1.92,47.1,43.4,32.9,76.3,1.24,0.87,2.11,1.14,2.01
2020-2021,Fulham,28,25.2,49.9,418,"3,420",38.0,26,18,23,3,6,67,3,0.68,0.47,1.16,0.61,1.08,41.3,36.8,27.8,64.6,1.09,0.73,1.82,0.97,1.70
2020-2021,Leeds United,23,26.1,57.6,418,"3,420",38.0,60,45,56,4,4,61,1,1.58,1.18,2.76,1.47,2.66,57.5,54.5,42.5,97.0,1.51,1.12,2.63,1.43,2.55
2020-2021,Leicester City,27,26.5,54.6,418,"3,420",38.0,64,45,54,10,12,61,0,1.68,1.18,2.87,1.42,2.61,56.0,46.9,33.1,80.0,1.47,0.87,2.35,1.23,2.11
2020-2021,Liverpool,28,26.8,62.4,418,"3,420",38.0,65,43,59,6,6,40,0,1.71,1.13,2.84,1.55,2.68,72.6,68.1,50.0,118.1,1.91,1.32,3.23,1.79,3.11
2020-2021,Manchester City,24,26.1,63.9,418,"3,420",38.0,82,55,77,5,9,46,2,2.16,1.45,3.61,2.03,3.47,73.3,66.6,51.0,117.5,1.93,1.34,3.27,1.75,3.09
2020-2021,Manchester Utd,29,25.6,55.8,418,"3,420",38.0,70,51,60,10,11,64,1,1.84,1.34,3.18,1.58,2.92,60.2,51.9,40.5,92.4,1.58,1.07,2.65,1.37,2.43
2020-2021,Newcastle Utd,27,27.1,38.2,418,"3,420",38.0,44,26,38,6,7,65,3,1.16,0.68,1.84,1.00,1.68,41.0,35.5,26.1,61.6,1.08,0.69,1.77,0.93,1.62
2020-2021,Sheffield Utd,27,26.7,41.5,418,"3,420",38.0,19,13,16,3,4,73,3,0.50,0.34,0.84,0.42,0.76,31.4,28.4,22.6,51.0,0.83,0.60,1.42,0.75,1.34
2020-2021,Southampton,29,26.6,52.2,418,"3,420",38.0,47,33,42,5,6,52,3,1.24,0.87,2.11,1.11,1.97,42.4,37.9,27.4,65.3,1.11,0.72,1.84,1.00,1.72
2020-2021,Tottenham,24,27.2,51.7,418,"3,420",38.0,66,50,61,5,5,57,2,1.74,1.32,3.05,1.61,2.92,54.5,50.7,35.5,86.2,1.43,0.93,2.37,1.33,2.27
2020-2021,West Brom,30,26.4,37.6,418,"3,420",38.0,33,20,29,4,4,51,4,0.87,0.53,1.39,0.76,1.29,33.8,30.7,21.2,52.0,0.89,0.56,1.45,0.81,1.37
2020-2021,West Ham,24,27.8,42.9,418,"3,420",38.0,60,46,58,2,4,50,3,1.58,1.21,2.79,1.53,2.74,53.9,50.7,36.8,87.5,1.42,0.97,2.39,1.33,2.30
2020-2021,Wolves,27,26.3,49.3,418,"3,420",38.0,34,21,30,4,4,55,1,0.89,0.55,1.45,0.79,1.34,39.9,36.8,26.5,63.3,1.05,0.70,1.75,0.97,1.67
2021-2022,Arsenal,27,24.4,53.2,418,"3,420",38.0,60,41,55,5,8,67,4,1.58,1.08,2.66,1.45,2.53,59.9,54.0,36.8,90.8,1.58,0.97,2.54,1.42,2.39
2021-2022,Aston Villa,31,26.1,46.5,418,"3,420",38.0,50,42,47,3,3,81,2,1.32,1.11,2.42,1.24,2.34,44.0,41.8,33.6,75.4,1.16,0.88,2.04,1.10,1.98
2021-2022,Brentford,29,25.4,44.5,418,"3,420",38.0,46,33,40,6,6,65,3,1.21,0.87,2.08,1.05,1.92,47.8,43.3,33.0,76.2,1.26,0.87,2.13,1.14,2.01
2021-2022,Brighton,26,26.2,54.7,418,"3,420",38.0,40,30,36,4,7,72,2,1.05,0.79,1.84,0.95,1.74,46.0,40.7,29.1,69.8,1.21,0.77,1.98,1.07,1.84
2021-2022,Burnley,23,28.5,39.8,418,"3,420",38.0,32,26,31,1,2,68,2,0.84,0.68,1.53,0.82,1.50,39.0,37.4,27.7,65.1,1.03,0.73,1.75,0.99,1.71
2021-2022,Chelsea,26,27.4,62.3,418,"3,420",38.0,75,52,67,8,9,63,1,1.97,1.37,3.34,1.76,3.13,67.2,60.7,46.9,107.6,1.77,1.23,3.00,1.60,2.83
2021-2022,Crystal Palace,24,27.1,50.9,418,"3,420",38.0,50,31,44,6,8,69,1,1.32,0.82,2.13,1.16,1.97,46.4,40.3,29.5,69.8,1.22,0.78,2.00,1.06,1.84
2021-2022,Everton,33,26.7,39.7,418,"3,420",38.0,42,29,36,6,7,82,6,1.11,0.76,1.87,0.95,1.71,42.8,37.5,27.2,64.8,1.13,0.72,1.84,0.99,1.70
2021-2022,Leeds United,29,26.1,52.5,418,"3,420",38.0,42,26,37,5,5,101,3,1.11,0.68,1.79,0.97,1.66,47.2,43.4,31.1,74.5,1.24,0.82,2.06,1.14,1.96
2021-2022,Leicester City,28,26.5,52.1,418,"3,420",38.0,62,46,60,2,2,55,1,1.63,1.21,2.84,1.58,2.79,50.8,49.3,34.0,83.3,1.34,0.89,2.23,1.30,2.19
2021-2022,Liverpool,27,27.7,63.3,418,"3,420",38.0,94,71,87,7,8,50,1,2.47,1.87,4.34,2.29,4.16,89.2,83.5,60.1,143.5,2.35,1.58,3.93,2.20,3.78
2021-2022,Manchester City,26,27.0,68.5,418,"3,420",38.0,96,63,89,7,9,42,1,2.53,1.66,4.18,2.34,4.00,89.0,82.0,59.9,141.9,2.34,1.58,3.92,2.16,3.73
2021-2022,Manchester Utd,29,27.2,52.9,418,"3,420",38.0,56,46,53,3,5,77,2,1.47,1.21,2.68,1.39,2.61,54.8,51.0,40.6,91.7,1.44,1.07,2.51,1.34,2.41
2021-2022,Newcastle Utd,29,27.5,39.9,418,"3,420",38.0,41,23,38,3,3,81,2,1.08,0.61,1.68,1.00,1.61,40.3,38.0,25.9,63.9,1.06,0.68,1.74,1.00,1.68
2021-2022,Norwich City,28,26.2,42.5,418,"3,420",38.0,21,16,18,3,3,57,1,0.55,0.42,0.97,0.47,0.89,33.3,31.0,22.7,53.8,0.88,0.60,1.47,0.82,1.41
2021-2022,Southampton,25,25.7,47.9,418,"3,420",38.0,41,26,37,4,4,65,2,1.08,0.68,1.76,0.97,1.66,46.8,43.7,32.3,76.1,1.23,0.85,2.08,1.15,2.00
2021-2022,Tottenham,25,26.5,52.0,418,"3,420",38.0,63,50,58,5,5,69,1,1.66,1.32,2.97,1.53,2.84,65.1,61.4,49.3,110.7,1.71,1.30,3.01,1.62,2.91
2021-2022,Watford,30,28.4,40.3,418,"3,420",38.0,33,26,32,1,2,63,3,0.87,0.68,1.55,0.84,1.53,38.8,37.4,28.6,65.9,1.02,0.75,1.77,0.98,1.73
2021-2022,West Ham,25,28.2,47.8,418,"3,420",38.0,58,46,54,4,6,52,3,1.53,1.21,2.74,1.42,2.63,49.9,46.0,35.6,81.7,1.31,0.94,2.25,1.21,2.15
2021-2022,Wolves,26,27.3,49.6,418,"3,420",38.0,35,22,34,1,1,62,2,0.92,0.58,1.50,0.89,1.47,35.9,35.4,24.8,60.2,0.95,0.65,1.60,0.93,1.59
