Season,Position,Club,games,wins,draws,losses,goals_for,goals_against,goal_diff,points,points_avg,xg_for,xg_against,xg_diff,xg_diff_per90
2000-2001,1,Manchester Utd,38,24,8,6,79,31,+48,80,2.11,,,,
2000-2001,2,Arsenal,38,20,10,8,63,38,+25,70,1.84,,,,
2000-2001,3,Liverpool,38,20,9,9,71,39,+32,69,1.82,,,,
2000-2001,4,Leeds United,38,20,8,10,64,43,+21,68,1.79,,,,
2000-2001,5,Ipswich Town,38,20,6,12,57,42,+15,66,1.74,,,,
2000-2001,6,Chelsea,38,17,10,11,68,45,+23,61,1.61,,,,
2000-2001,7,Sunderland,38,15,12,11,46,41,+5,57,1.50,,,,
2000-2001,8,Aston Villa,38,13,15,10,46,43,+3,54,1.42,,,,
2000-2001,9,Charlton Ath,38,14,10,14,50,57,-7,52,1.37,,,,
2000-2001,10,Southampton,38,14,10,14,40,48,-8,52,1.37,,,,
2000-2001,11,Newcastle Utd,38,14,9,15,44,50,-6,51,1.34,,,,
2000-2001,12,Tottenham,38,13,10,15,47,54,-7,49,1.29,,,,
2000-2001,13,Leicester City,38,14,6,18,39,51,-12,48,1.26,,,,
2000-2001,14,Middlesbrough,38,9,15,14,44,44,0,42,1.11,,,,
2000-2001,15,West Ham,38,10,12,16,45,50,-5,42,1.11,,,,
2000-2001,16,Everton,38,11,9,18,45,59,-14,42,1.11,,,,
2000-2001,17,Derby County,38,10,12,16,37,59,-22,42,1.11,,,,
2000-2001,18,Manchester City,38,8,10,20,41,65,-24,34,0.89,,,,
2000-2001,19,Coventry City,38,8,10,20,36,63,-27,34,0.89,,,,
2000-2001,20,Bradford City,38,5,11,22,30,70,-40,26,0.68,,,,
2001-2002,1,Arsenal,38,26,9,3,79,36,+43,87,2.29,,,,
2001-2002,2,Liverpool,38,24,8,6,67,30,+37,80,2.11,,,,
2001-2002,3,Manchester Utd,38,24,5,9,87,45,+42,77,2.03,,,,
2001-2002,4,Newcastle Utd,38,21,8,9,74,52,+22,71,1.87,,,,
2001-2002,5,Leeds United,38,18,12,8,53,37,+16,66,1.74,,,,
2001-2002,6,Chelsea,38,17,13,8,66,38,+28,64,1.68,,,,
2001-2002,7,West Ham,38,15,8,15,48,57,-9,53,1.39,,,,
2001-2002,8,Aston Villa,38,12,14,12,46,47,-1,50,1.32,,,,
2001-2002,9,Tottenham,38,14,8,16,49,53,-4,50,1.32,,,,
2001-2002,10,Blackburn,38,12,10,16,55,51,+4,46,1.21,,,,
2001-2002,11,Southampton,38,12,9,17,46,54,-8,45,1.18,,,,
2001-2002,12,Middlesbrough,38,12,9,17,35,47,-12,45,1.18,,,,
2001-2002,13,Fulham,38,10,14,14,36,44,-8,44,1.16,,,,
2001-2002,14,Charlton Ath,38,10,14,14,38,49,-11,44,1.16,,,,
2001-2002,15,Everton,38,11,10,17,45,57,-12,43,1.13,,,,
2001-2002,16,Bolton,38,9,13,16,44,62,-18,40,1.05,,,,
2001-2002,17,Sunderland,38,10,10,18,29,51,-22,40,1.05,,,,
2001-2002,18,Ipswich Town,38,9,9,20,41,64,-23,36,0.95,,,,
2001-2002,19,Derby County,38,8,6,24,33,63,-30,30,0.79,,,,
2001-2002,20,Leicester City,38,5,13,20,30,64,-34,28,0.74,,,,
2002-2003,1,Manchester Utd,38,25,8,5,74,34,+40,83,2.18,,,,
2002-2003,2,Arsenal,38,23,9,6,85,42,+43,78,2.05,,,,
2002-2003,3,Newcastle Utd,38,21,6,11,63,48,+15,69,1.82,,,,
2002-2003,4,Chelsea,38,19,10,9,68,38,+30,67,1.76,,,,
2002-2003,5,Liverpool,38,18,10,10,61,41,+20,64,1.68,,,,
2002-2003,6,Blackburn,38,16,12,10,52,43,+9,60,1.58,,,,
2002-2003,7,Everton,38,17,8,13,48,49,-1,59,1.55,,,,
2002-2003,8,Southampton,38,13,13,12,43,46,-3,52,1.37,,,,
2002-2003,9,Manchester City,38,15,6,17,47,54,-7,51,1.34,,,,
2002-2003,10,Tottenham,38,14,8,16,51,62,-11,50,1.32,,,,
2002-2003,11,Middlesbrough,38,13,10,15,48,44,+4,49,1.29,,,,
2002-2003,12,Charlton Ath,38,14,7,17,45,56,-11,49,1.29,,,,
2002-2003,13,Birmingham City,38,13,9,16,41,49,-8,48,1.26,,,,
2002-2003,14,Fulham,38,13,9,16,41,50,-9,48,1.26,,,,
2002-2003,15,Leeds United,38,14,5,19,58,57,+1,47,1.24,,,,
2002-2003,16,Aston Villa,38,12,9,17,42,47,-5,45,1.18,,,,
2002-2003,17,Bolton,38,10,14,14,41,51,-10,44,1.16,,,,
2002-2003,18,West Ham,38,10,12,16,42,59,-17,42,1.11,,,,
2002-2003,19,West Brom,38,6,8,24,29,65,-36,26,0.68,,,,
2002-2003,20,Sunderland,38,4,7,27,21,65,-44,19,0.50,,,,
2003-2004,1,Arsenal,38,26,12,0,73,26,+47,90,2.37,,,,
2003-2004,2,Chelsea,38,24,7,7,67,30,+37,79,2.08,,,,
2003-2004,3,Manchester Utd,38,23,6,9,64,35,+29,75,1.97,,,,
2003-2004,4,Liverpool,38,16,12,10,55,37,+18,60,1.58,,,,
2003-2004,5,Newcastle Utd,38,13,17,8,52,40,+12,56,1.47,,,,
2003-2004,6,Aston Villa,38,15,11,12,48,44,+4,56,1.47,,,,
2003-2004,7,Charlton Ath,38,14,11,13,51,51,0,53,1.39,,,,
2003-2004,8,Bolton,38,14,11,13,48,56,-8,53,1.39,,,,
2003-2004,9,Fulham,38,14,10,14,52,46,+6,52,1.37,,,,
2003-2004,10,Birmingham City,38,12,14,12,43,48,-5,50,1.32,,,,
2003-2004,11,Middlesbrough,38,13,9,16,44,52,-8,48,1.26,,,,
2003-2004,12,Southampton,38,12,11,15,44,45,-1,47,1.24,,,,
2003-2004,13,Portsmouth,38,12,9,17,47,54,-7,45,1.18,,,,
2003-2004,14,Tottenham,38,13,6,19,47,57,-10,45,1.18,,,,
2003-2004,15,Blackburn,38,12,8,18,51,59,-8,44,1.16,,,,
2003-2004,16,Manchester City,38,9,14,15,55,54,+1,41,1.08,,,,
2003-2004,17,Everton,38,9,12,17,45,57,-12,39,1.03,,,,
2003-2004,18,Leicester City,38,6,15,17,48,65,-17,33,0.87,,,,
2003-2004,19,Leeds United,38,8,9,21,40,79,-39,33,0.87,,,,
2003-2004,20,Wolves,38,7,12,19,38,77,-39,33,0.87,,,,
2004-2005,1,Chelsea,38,29,8,1,72,15,+57,95,2.50,,,,
2004-2005,2,Arsenal,38,25,8,5,87,36,+51,83,2.18,,,,
2004-2005,3,Manchester Utd,38,22,11,5,58,26,+32,77,2.03,,,,
2004-2005,4,Everton,38,18,7,13,45,46,-1,61,1.61,,,,
2004-2005,5,Liverpool,38,17,7,14,52,41,+11,58,1.53,,,,
2004-2005,6,Bolton,38,16,10,12,49,44,+5,58,1.53,,,,
2004-2005,7,Middlesbrough,38,14,13,11,53,46,+7,55,1.45,,,,
2004-2005,8,Manchester City,38,13,13,12,47,39,+8,52,1.37,,,,
2004-2005,9,Tottenham,38,14,10,14,47,41,+6,52,1.37,,,,
2004-2005,10,Aston Villa,38,12,11,15,45,52,-7,47,1.24,,,,
2004-2005,11,Charlton Ath,38,12,10,16,42,58,-16,46,1.21,,,,
2004-2005,12,Birmingham City,38,11,12,15,40,46,-6,45,1.18,,,,
2004-2005,13,Fulham,38,12,8,18,52,60,-8,44,1.16,,,,
2004-2005,14,Newcastle Utd,38,10,14,14,47,57,-10,44,1.16,,,,
2004-2005,15,Blackburn,38,9,15,14,32,43,-11,42,1.11,,,,
2004-2005,16,Portsmouth,38,10,9,19,43,59,-16,39,1.03,,,,
2004-2005,17,West Brom,38,6,16,16,36,61,-25,34,0.89,,,,
2004-2005,18,Crystal Palace,38,7,12,19,41,62,-21,33,0.87,,,,
2004-2005,19,Norwich City,38,7,12,19,42,77,-35,33,0.87,,,,
2004-2005,20,Southampton,38,6,14,18,45,66,-21,32,0.84,,,,
2005-2006,1,Chelsea,38,29,4,5,72,22,+50,91,2.39,,,,
2005-2006,2,Manchester Utd,38,25,8,5,72,34,+38,83,2.18,,,,
2005-2006,3,Liverpool,38,25,7,6,57,25,+32,82,2.16,,,,
2005-2006,4,Arsenal,38,20,7,11,68,31,+37,67,1.76,,,,
2005-2006,5,Tottenham,38,18,11,9,53,38,+15,65,1.71,,,,
2005-2006,6,Blackburn,38,19,6,13,51,42,+9,63,1.66,,,,
2005-2006,7,Newcastle Utd,38,17,7,14,47,42,+5,58,1.53,,,,
2005-2006,8,Bolton,38,15,11,12,49,41,+8,56,1.47,,,,
2005-2006,9,West Ham,38,16,7,15,52,55,-3,55,1.45,,,,
2005-2006,10,Wigan Athletic,38,15,6,17,45,52,-7,51,1.34,,,,
2005-2006,11,Everton,38,14,8,16,34,49,-15,50,1.32,,,,
2005-2006,12,Fulham,38,14,6,18,48,58,-10,48,1.26,,,,
2005-2006,13,Charlton Ath,38,13,8,17,41,55,-14,47,1.24,,,,
2005-2006,14,Middlesbrough,38,12,9,17,48,58,-10,45,1.18,,,,
2005-2006,15,Manchester City,38,13,4,21,43,48,-5,43,1.13,,,,
2005-2006,16,Aston Villa,38,10,12,16,42,55,-13,42,1.11,,,,
2005-2006,17,Portsmouth,38,10,8,20,37,62,-25,38,1.00,,,,
2005-2006,18,Birmingham City,38,8,10,20,28,50,-22,34,0.89,,,,
2005-2006,19,West Brom,38,7,9,22,31,58,-27,30,0.79,,,,
2005-2006,20,Sunderland,38,3,6,29,26,69,-43,15,0.39,,,,
2006-2007,1,Manchester Utd,38,28,5,5,83,27,+56,89,2.34,,,,
2006-2007,2,Chelsea,38,24,11,3,64,24,+40,83,2.18,,,,
2006-2007,3,Liverpool,38,20,8,10,57,27,+30,68,1.79,,,,
2006-2007,4,Arsenal,38,19,11,8,63,35,+28,68,1.79,,,,
2006-2007,5,Tottenham,38,17,9,12,57,54,+3,60,1.58,,,,
2006-2007,6,Everton,38,15,13,10,52,36,+16,58,1.53,,,,
2006-2007,7,Bolton,38,16,8,14,47,52,-5,56,1.47,,,,
2006-2007,8,Reading,38,16,7,15,52,47,+5,55,1.45,,,,
2006-2007,9,Portsmouth,38,14,12,12,45,42,+3,54,1.42,,,,
2006-2007,10,Blackburn,38,15,7,16,52,54,-2,52,1.37,,,,
2006-2007,11,Aston Villa,38,11,17,10,43,41,+2,50,1.32,,,,
2006-2007,12,Middlesbrough,38,12,10,16,44,49,-5,46,1.21,,,,
2006-2007,13,Newcastle Utd,38,11,10,17,38,47,-9,43,1.13,,,,
2006-2007,14,Manchester City,38,11,9,18,29,44,-15,42,1.11,,,,
2006-2007,15,West Ham,38,12,5,21,35,59,-24,41,1.08,,,,
2006-2007,16,Fulham,38,8,15,15,38,60,-22,39,1.03,,,,
2006-2007,17,Wigan Athletic,38,10,8,20,37,59,-22,38,1.00,,,,
2006-2007,18,Sheffield Utd,38,10,8,20,32,55,-23,38,1.00,,,,
2006-2007,19,Charlton Ath,38,8,10,20,34,60,-26,34,0.89,,,,
2006-2007,20,Watford,38,5,13,20,29,59,-30,28,0.74,,,,
2007-2008,1,Manchester Utd,38,27,6,5,80,22,+58,87,2.29,,,,
2007-2008,2,Chelsea,38,25,10,3,65,26,+39,85,2.24,,,,
2007-2008,3,Arsenal,38,24,11,3,74,31,+43,83,2.18,,,,
2007-2008,4,Liverpool,38,21,13,4,67,28,+39,76,2.00,,,,
2007-2008,5,Everton,38,19,8,11,55,33,+22,65,1.71,,,,
2007-2008,6,Aston Villa,38,16,12,10,71,51,+20,60,1.58,,,,
2007-2008,7,Blackburn,38,15,13,10,50,48,+2,58,1.53,,,,
2007-2008,8,Portsmouth,38,16,9,13,48,40,+8,57,1.50,,,,
2007-2008,9,Manchester City,38,15,10,13,45,53,-8,55,1.45,,,,
2007-2008,10,West Ham,38,13,10,15,42,50,-8,49,1.29,,,,
2007-2008,11,Tottenham,38,11,13,14,66,61,+5,46,1.21,,,,
2007-2008,12,Newcastle Utd,38,11,10,17,45,65,-20,43,1.13,,,,
2007-2008,13,Middlesbrough,38,10,12,16,43,53,-10,42,1.11,,,,
2007-2008,14,Wigan Athletic,38,10,10,18,34,51,-17,40,1.05,,,,
2007-2008,15,Sunderland,38,11,6,21,36,59,-23,39,1.03,,,,
2007-2008,16,Bolton,38,9,10,19,36,54,-18,37,0.97,,,,
2007-2008,17,Fulham,38,8,12,18,38,60,-22,36,0.95,,,,
2007-2008,18,Reading,38,10,6,22,41,66,-25,36,0.95,,,,
2007-2008,19,Birmingham City,38,8,11,19,46,62,-16,35,0.92,,,,
2007-2008,20,Derby County,38,1,8,29,20,89,-69,11,0.29,,,,
2008-2009,1,Manchester Utd,38,28,6,4,68,24,+44,90,2.37,,,,
2008-2009,2,Liverpool,38,25,11,2,77,27,+50,86,2.26,,,,
2008-2009,3,Chelsea,38,25,8,5,68,24,+44,83,2.18,,,,
2008-2009,4,Arsenal,38,20,12,6,68,37,+31,72,1.89,,,,
2008-2009,5,Everton,38,17,12,9,55,37,+18,63,1.66,,,,
2008-2009,6,Aston Villa,38,17,11,10,54,48,+6,62,1.63,,,,
2008-2009,7,Fulham,38,14,11,13,39,34,+5,53,1.39,,,,
2008-2009,8,Tottenham,38,14,9,15,45,45,0,51,1.34,,,,
2008-2009,9,West Ham,38,14,9,15,42,45,-3,51,1.34,,,,
2008-2009,10,Manchester City,38,15,5,18,58,50,+8,50,1.32,,,,
2008-2009,11,Wigan Athletic,38,12,9,17,34,45,-11,45,1.18,,,,
2008-2009,12,Stoke City,38,12,9,17,38,55,-17,45,1.18,,,,
2008-2009,13,Bolton,38,11,8,19,41,53,-12,41,1.08,,,,
2008-2009,14,Portsmouth,38,10,11,17,38,57,-19,41,1.08,,,,
2008-2009,15,Blackburn,38,10,11,17,40,60,-20,41,1.08,,,,
2008-2009,16,Sunderland,38,9,9,20,34,54,-20,36,0.95,,,,
2008-2009,17,Hull City,38,8,11,19,39,64,-25,35,0.92,,,,
2008-2009,18,Newcastle Utd,38,7,13,18,40,59,-19,34,0.89,,,,
2008-2009,19,Middlesbrough,38,7,11,20,28,57,-29,32,0.84,,,,
2008-2009,20,West Brom,38,8,8,22,36,67,-31,32,0.84,,,,
2009-2010,1,Chelsea,38,27,5,6,103,32,+71,86,2.26,,,,
2009-2010,2,Manchester Utd,38,27,4,7,86,28,+58,85,2.24,,,,
2009-2010,3,Arsenal,38,23,6,9,83,41,+42,75,1.97,,,,
2009-2010,4,Tottenham,38,21,7,10,67,41,+26,70,1.84,,,,
2009-2010,5,Manchester City,38,18,13,7,73,45,+28,67,1.76,,,,
2009-2010,6,Aston Villa,38,17,13,8,52,39,+13,64,1.68,,,,
2009-2010,7,Liverpool,38,18,9,11,61,35,+26,63,1.66,,,,
2009-2010,8,Everton,38,16,13,9,60,49,+11,61,1.61,,,,
2009-2010,9,Birmingham City,38,13,11,14,38,47,-9,50,1.32,,,,
2009-2010,10,Blackburn,38,13,11,14,41,55,-14,50,1.32,,,,
2009-2010,11,Stoke City,38,11,14,13,34,48,-14,47,1.24,,,,
2009-2010,12,Fulham,38,12,10,16,39,46,-7,46,1.21,,,,
2009-2010,13,Sunderland,38,11,11,16,48,56,-8,44,1.16,,,,
2009-2010,14,Bolton,38,10,9,19,42,67,-25,39,1.03,,,,
2009-2010,15,Wolves,38,9,11,18,32,56,-24,38,1.00,,,,
2009-2010,16,Wigan Athletic,38,9,9,20,37,79,-42,36,0.95,,,,
2009-2010,17,West Ham,38,8,11,19,47,66,-19,35,0.92,,,,
2009-2010,18,Burnley,38,8,6,24,42,82,-40,30,0.79,,,,
2009-2010,19,Hull City,38,6,12,20,34,75,-41,30,0.79,,,,
2009-2010,20,Portsmouth,38,7,7,24,34,66,-32,19,0.50,,,,
2010-2011,1,Manchester Utd,38,23,11,4,78,37,+41,80,2.11,,,,
2010-2011,2,Chelsea,38,21,8,9,69,33,+36,71,1.87,,,,
2010-2011,3,Manchester City,38,21,8,9,60,33,+27,71,1.87,,,,
2010-2011,4,Arsenal,38,19,11,8,72,43,+29,68,1.79,,,,
2010-2011,5,Tottenham,38,16,14,8,55,46,+9,62,1.63,,,,
2010-2011,6,Liverpool,38,17,7,14,59,44,+15,58,1.53,,,,
2010-2011,7,Everton,38,13,15,10,51,45,+6,54,1.42,,,,
2010-2011,8,Fulham,38,11,16,11,49,43,+6,49,1.29,,,,
2010-2011,9,Aston Villa,38,12,12,14,48,59,-11,48,1.26,,,,
2010-2011,10,Sunderland,38,12,11,15,45,56,-11,47,1.24,,,,
2010-2011,11,West Brom,38,12,11,15,56,71,-15,47,1.24,,,,
2010-2011,12,Newcastle Utd,38,11,13,14,56,57,-1,46,1.21,,,,
2010-2011,13,Stoke City,38,13,7,18,46,48,-2,46,1.21,,,,
2010-2011,14,Bolton,38,12,10,16,52,56,-4,46,1.21,,,,
2010-2011,15,Blackburn,38,11,10,17,46,59,-13,43,1.13,,,,
2010-2011,16,Wigan Athletic,38,9,15,14,40,61,-21,42,1.11,,,,
2010-2011,17,Wolves,38,11,7,20,46,66,-20,40,1.05,,,,
2010-2011,18,Birmingham City,38,8,15,15,37,58,-21,39,1.03,,,,
2010-2011,19,Blackpool,38,10,9,19,55,78,-23,39,1.03,,,,
2010-2011,20,West Ham,38,7,12,19,43,70,-27,33,0.87,,,,
2011-2012,1,Manchester City,38,28,5,5,93,29,+64,89,2.34,,,,
2011-2012,2,Manchester Utd,38,28,5,5,89,33,+56,89,2.34,,,,
2011-2012,3,Arsenal,38,21,7,10,74,49,+25,70,1.84,,,,
2011-2012,4,Tottenham,38,20,9,9,66,41,+25,69,1.82,,,,
2011-2012,5,Newcastle Utd,38,19,8,11,56,51,+5,65,1.71,,,,
2011-2012,6,Chelsea,38,18,10,10,65,46,+19,64,1.68,,,,
2011-2012,7,Everton,38,15,11,12,50,40,+10,56,1.47,,,,
2011-2012,8,Liverpool,38,14,10,14,47,40,+7,52,1.37,,,,
2011-2012,9,Fulham,38,14,10,14,48,51,-3,52,1.37,,,,
2011-2012,10,West Brom,38,13,8,17,45,52,-7,47,1.24,,,,
2011-2012,11,Swansea City,38,12,11,15,44,51,-7,47,1.24,,,,
2011-2012,12,Norwich City,38,12,11,15,52,66,-14,47,1.24,,,,
2011-2012,13,Sunderland,38,11,12,15,45,46,-1,45,1.18,,,,
2011-2012,14,Stoke City,38,11,12,15,36,53,-17,45,1.18,,,,
2011-2012,15,Wigan Athletic,38,11,10,17,42,62,-20,43,1.13,,,,
2011-2012,16,Aston Villa,38,7,17,14,37,53,-16,38,1.00,,,,
2011-2012,17,QPR,38,10,7,21,43,66,-23,37,0.97,,,,
2011-2012,18,Bolton,38,10,6,22,46,77,-31,36,0.95,,,,
2011-2012,19,Blackburn,38,8,7,23,48,78,-30,31,0.82,,,,
2011-2012,20,Wolves,38,5,10,23,40,82,-42,25,0.66,,,,
2012-2013,1,Manchester Utd,38,28,5,5,86,43,+43,89,2.34,,,,
2012-2013,2,Manchester City,38,23,9,6,66,34,+32,78,2.05,,,,
2012-2013,3,Chelsea,38,22,9,7,75,39,+36,75,1.97,,,,
2012-2013,4,Arsenal,38,21,10,7,72,37,+35,73,1.92,,,,
2012-2013,5,Tottenham,38,21,9,8,66,46,+20,72,1.89,,,,
2012-2013,6,Everton,38,16,15,7,55,40,+15,63,1.66,,,,
2012-2013,7,Liverpool,38,16,13,9,71,43,+28,61,1.61,,,,
2012-2013,8,West Brom,38,14,7,17,53,57,-4,49,1.29,,,,
2012-2013,9,Swansea City,38,11,13,14,47,51,-4,46,1.21,,,,
2012-2013,10,West Ham,38,12,10,16,45,53,-8,46,1.21,,,,
2012-2013,11,Norwich City,38,10,14,14,41,58,-17,44,1.16,,,,
2012-2013,12,Fulham,38,11,10,17,50,60,-10,43,1.13,,,,
2012-2013,13,Stoke City,38,9,15,14,34,45,-11,42,1.11,,,,
2012-2013,14,Southampton,38,9,14,15,49,60,-11,41,1.08,,,,
2012-2013,15,Aston Villa,38,10,11,17,47,69,-22,41,1.08,,,,
2012-2013,16,Newcastle Utd,38,11,8,19,45,68,-23,41,1.08,,,,
2012-2013,17,Sunderland,38,9,12,17,41,54,-13,39,1.03,,,,
2012-2013,18,Wigan Athletic,38,9,9,20,47,73,-26,36,0.95,,,,
2012-2013,19,Reading,38,6,10,22,43,73,-30,28,0.74,,,,
2012-2013,20,QPR,38,4,13,21,30,60,-30,25,0.66,,,,
2013-2014,1,Manchester City,38,27,5,6,102,37,+65,86,2.26,,,,
2013-2014,2,Liverpool,38,26,6,6,101,50,+51,84,2.21,,,,
2013-2014,3,Chelsea,38,25,7,6,71,27,+44,82,2.16,,,,
2013-2014,4,Arsenal,38,24,7,7,68,41,+27,79,2.08,,,,
2013-2014,5,Everton,38,21,9,8,61,39,+22,72,1.89,,,,
2013-2014,6,Tottenham,38,21,6,11,55,51,+4,69,1.82,,,,
2013-2014,7,Manchester Utd,38,19,7,12,64,43,+21,64,1.68,,,,
2013-2014,8,Southampton,38,15,11,12,54,46,+8,56,1.47,,,,
2013-2014,9,Stoke City,38,13,11,14,45,52,-7,50,1.32,,,,
2013-2014,10,Newcastle Utd,38,15,4,19,43,59,-16,49,1.29,,,,
2013-2014,11,Crystal Palace,38,13,6,19,33,48,-15,45,1.18,,,,
2013-2014,12,Swansea City,38,11,9,18,54,54,0,42,1.11,,,,
2013-2014,13,West Ham,38,11,7,20,40,51,-11,40,1.05,,,,
2013-2014,14,Sunderland,38,10,8,20,41,60,-19,38,1.00,,,,
2013-2014,15,Aston Villa,38,10,8,20,39,61,-22,38,1.00,,,,
2013-2014,16,Hull City,38,10,7,21,38,53,-15,37,0.97,,,,
2013-2014,17,West Brom,38,7,15,16,43,59,-16,36,0.95,,,,
2013-2014,18,Norwich City,38,8,9,21,28,62,-34,33,0.87,,,,
2013-2014,19,Fulham,38,9,5,24,40,85,-45,32,0.84,,,,
2013-2014,20,Cardiff City,38,7,9,22,32,74,-42,30,0.79,,,,
2014-2015,1,Chelsea,38,26,9,3,73,32,+41,87,2.29,,,,
2014-2015,2,Manchester City,38,24,7,7,83,38,+45,79,2.08,,,,
2014-2015,3,Arsenal,38,22,9,7,71,36,+35,75,1.97,,,,
2014-2015,4,Manchester Utd,38,20,10,8,62,37,+25,70,1.84,,,,
2014-2015,5,Tottenham,38,19,7,12,58,53,+5,64,1.68,,,,
2014-2015,6,Liverpool,38,18,8,12,52,48,+4,62,1.63,,,,
2014-2015,7,Southampton,38,18,6,14,54,33,+21,60,1.58,,,,
2014-2015,8,Swansea City,38,16,8,14,46,49,-3,56,1.47,,,,
2014-2015,9,Stoke City,38,15,9,14,48,45,+3,54,1.42,,,,
2014-2015,10,Crystal Palace,38,13,9,16,47,51,-4,48,1.26,,,,
2014-2015,11,Everton,38,12,11,15,48,50,-2,47,1.24,,,,
2014-2015,12,West Ham,38,12,11,15,44,47,-3,47,1.24,,,,
2014-2015,13,West Brom,38,11,11,16,38,51,-13,44,1.16,,,,
2014-2015,14,Leicester City,38,11,8,19,46,55,-9,41,1.08,,,,
2014-2015,15,Newcastle Utd,38,10,9,19,40,63,-23,39,1.03,,,,
2014-2015,16,Sunderland,38,7,17,14,31,53,-22,38,1.00,,,,
2014-2015,17,Aston Villa,38,10,8,20,31,57,-26,38,1.00,,,,
2014-2015,18,Hull City,38,8,11,19,33,51,-18,35,0.92,,,,
2014-2015,19,Burnley,38,7,12,19,28,53,-25,33,0.87,,,,
2014-2015,20,QPR,38,8,6,24,42,73,-31,30,0.79,,,,
2015-2016,1,Leicester City,38,23,12,3,68,36,+32,81,2.13,,,,
2015-2016,2,Arsenal,38,20,11,7,65,36,+29,71,1.87,,,,
2015-2016,3,Tottenham,38,19,13,6,69,35,+34,70,1.84,,,,
2015-2016,4,Manchester City,38,19,9,10,71,41,+30,66,1.74,,,,
2015-2016,5,Manchester Utd,38,19,9,10,49,35,+14,66,1.74,,,,
2015-2016,6,Southampton,38,18,9,11,59,41,+18,63,1.66,,,,
2015-2016,7,West Ham,38,16,14,8,65,51,+14,62,1.63,,,,
2015-2016,8,Liverpool,38,16,12,10,63,50,+13,60,1.58,,,,
2015-2016,9,Stoke City,38,14,9,15,41,55,-14,51,1.34,,,,
2015-2016,10,Chelsea,38,12,14,12,59,53,+6,50,1.32,,,,
2015-2016,11,Everton,38,11,14,13,59,55,+4,47,1.24,,,,
2015-2016,12,Swansea City,38,12,11,15,42,52,-10,47,1.24,,,,
2015-2016,13,Watford,38,12,9,17,40,50,-10,45,1.18,,,,
2015-2016,14,West Brom,38,10,13,15,34,48,-14,43,1.13,,,,
2015-2016,15,Crystal Palace,38,11,9,18,39,51,-12,42,1.11,,,,
2015-2016,16,Bournemouth,38,11,9,18,45,67,-22,42,1.11,,,,
2015-2016,17,Sunderland,38,9,12,17,48,62,-14,39,1.03,,,,
2015-2016,18,Newcastle Utd,38,9,10,19,44,65,-21,37,0.97,,,,
2015-2016,19,Norwich City,38,9,7,22,39,67,-28,34,0.89,,,,
2015-2016,20,Aston Villa,38,3,8,27,27,76,-49,17,0.45,,,,
2016-2017,1,Chelsea,38,30,3,5,85,33,+52,93,2.45,,,,
2016-2017,2,Tottenham,38,26,8,4,86,26,+60,86,2.26,,,,
2016-2017,3,Manchester City,38,23,9,6,80,39,+41,78,2.05,,,,
2016-2017,4,Liverpool,38,22,10,6,78,42,+36,76,2.00,,,,
2016-2017,5,Arsenal,38,23,6,9,77,44,+33,75,1.97,,,,
2016-2017,6,Manchester Utd,38,18,15,5,54,29,+25,69,1.82,,,,
2016-2017,7,Everton,38,17,10,11,62,44,+18,61,1.61,,,,
2016-2017,8,Southampton,38,12,10,16,41,48,-7,46,1.21,,,,
2016-2017,9,Bournemouth,38,12,10,16,55,67,-12,46,1.21,,,,
2016-2017,10,West Brom,38,12,9,17,43,51,-8,45,1.18,,,,
2016-2017,11,West Ham,38,12,9,17,47,64,-17,45,1.18,,,,
2016-2017,12,Leicester City,38,12,8,18,48,63,-15,44,1.16,,,,
2016-2017,13,Stoke City,38,11,11,16,41,56,-15,44,1.16,,,,
2016-2017,14,Crystal Palace,38,12,5,21,50,63,-13,41,1.08,,,,
2016-2017,15,Swansea City,38,12,5,21,45,70,-25,41,1.08,,,,
2016-2017,16,Burnley,38,11,7,20,39,55,-16,40,1.05,,,,
2016-2017,17,Watford,38,11,7,20,40,68,-28,40,1.05,,,,
2016-2017,18,Hull City,38,9,7,22,37,80,-43,34,0.89,,,,
2016-2017,19,Middlesbrough,38,5,13,20,27,53,-26,28,0.74,,,,
2016-2017,20,Sunderland,38,6,6,26,29,69,-40,24,0.63,,,,
2017-2018,1,Manchester City,38,32,4,2,106,27,+79,100,2.63,86.4,22.8,+63.6,+1.67
2017-2018,2,Manchester Utd,38,25,6,7,68,28,+40,81,2.13,60.7,41.7,+18.9,+0.50
2017-2018,3,Tottenham,38,23,8,7,74,36,+38,77,2.03,67.3,35.0,+32.3,+0.85
2017-2018,4,Liverpool,38,21,12,5,84,38,+46,75,1.97,72.8,34.0,+38.8,+1.02
2017-2018,5,Chelsea,38,21,7,10,62,38,+24,70,1.84,57.9,35.3,+22.7,+0.60
2017-2018,6,Arsenal,38,19,6,13,74,51,+23,63,1.66,68.4,50.5,+17.9,+0.47
2017-2018,7,Burnley,38,14,12,12,36,39,-3,54,1.42,34.5,51.8,-17.2,-0.45
2017-2018,8,Everton,38,13,10,15,44,58,-14,49,1.29,41.5,52.3,-10.9,-0.29
2017-2018,9,Leicester City,38,12,11,15,56,60,-4,47,1.24,48.1,49.9,-1.8,-0.05
2017-2018,10,Newcastle Utd,38,12,8,18,39,47,-8,44,1.16,45.3,53.4,-8.1,-0.21
2017-2018,11,Crystal Palace,38,11,11,16,45,55,-10,44,1.16,56.1,50.6,+5.5,+0.14
2017-2018,12,Bournemouth,38,11,11,16,45,61,-16,44,1.16,44.8,61.4,-16.6,-0.44
2017-2018,13,West Ham,38,10,12,16,48,68,-20,42,1.11,39.8,59.3,-19.4,-0.51
2017-2018,14,Watford,38,11,8,19,44,64,-20,41,1.08,47.4,57.9,-10.6,-0.28
2017-2018,15,Brighton,38,9,13,16,34,54,-20,40,1.05,37.2,52.6,-15.5,-0.41
2017-2018,16,Huddersfield,38,9,10,19,28,58,-30,37,0.97,31.7,55.2,-23.5,-0.62
2017-2018,17,Southampton,38,7,15,16,37,56,-19,36,0.95,42.1,48.8,-6.7,-0.18
2017-2018,18,Swansea City,38,8,9,21,28,56,-28,33,0.87,30.5,59.5,-29.0,-0.76
2017-2018,19,Stoke City,38,7,12,19,35,68,-33,33,0.87,37.5,63.8,-26.2,-0.69
2017-2018,20,West Brom,38,6,13,19,31,56,-25,31,0.82,34.4,48.5,-14.1,-0.37
2018-2019,1,Manchester City,38,32,2,4,95,23,+72,98,2.58,84.6,25.1,+59.5,+1.57
2018-2019,2,Liverpool,38,30,7,1,89,22,+67,97,2.55,75.5,31.0,+44.5,+1.17
2018-2019,3,Chelsea,38,21,9,8,63,39,+24,72,1.89,58.9,35.7,+23.3,+0.61
2018-2019,4,Tottenham,38,23,2,13,67,39,+28,71,1.87,58.5,45.9,+12.7,+0.33
2018-2019,5,Arsenal,38,21,7,10,73,51,+22,70,1.84,59.0,54.1,+4.9,+0.13
2018-2019,6,Manchester Utd,38,19,9,10,65,54,+11,66,1.74,58.8,46.2,+12.6,+0.33
2018-2019,7,Wolves,38,16,9,13,47,46,+1,57,1.50,48.2,38.7,+9.5,+0.25
2018-2019,8,Everton,38,15,9,14,54,46,+8,54,1.42,48.3,47.5,+0.8,+0.02
2018-2019,9,Leicester City,38,15,7,16,51,48,+3,52,1.37,49.6,45.5,+4.0,+0.11
2018-2019,10,West Ham,38,15,7,16,52,55,-3,52,1.37,47.7,60.9,-13.2,-0.35
2018-2019,11,Watford,38,14,8,16,52,59,-7,50,1.32,47.5,54.6,-7.1,-0.19
2018-2019,12,Crystal Palace,38,14,7,17,51,53,-2,49,1.29,50.3,48.7,+1.6,+0.04
2018-2019,13,Newcastle Utd,38,12,9,17,42,48,-6,45,1.18,38.8,52.8,-14.0,-0.37
2018-2019,14,Bournemouth,38,13,6,19,56,70,-14,45,1.18,54.2,55.6,-1.5,-0.04
2018-2019,15,Burnley,38,11,7,20,45,68,-23,40,1.05,40.8,64.2,-23.4,-0.61
2018-2019,16,Southampton,38,9,12,17,45,65,-20,39,1.03,47.5,55.7,-8.2,-0.22
2018-2019,17,Brighton,38,9,9,20,35,60,-25,36,0.95,34.4,56.2,-21.8,-0.57
2018-2019,18,Cardiff City,38,10,4,24,34,69,-35,34,0.89,39.4,62.4,-23.1,-0.61
2018-2019,19,Fulham,38,7,5,26,34,81,-47,26,0.68,38.8,66.5,-27.7,-0.73
2018-2019,20,Huddersfield,38,3,7,28,22,76,-54,16,0.42,29.5,62.9,-33.5,-0.88
2019-2020,1,Liverpool,38,32,3,3,85,33,+52,99,2.61,71.5,40.0,+31.5,+0.83
2019-2020,2,Manchester City,38,26,3,9,102,35,+67,81,2.13,93.1,34.8,+58.3,+1.54
2019-2020,3,Manchester Utd,38,18,12,8,66,36,+30,66,1.74,59.4,37.4,+22.0,+0.58
2019-2020,4,Chelsea,38,20,6,12,69,54,+15,66,1.74,66.6,37.8,+28.7,+0.76
2019-2020,5,Leicester City,38,18,8,12,67,41,+26,62,1.63,61.6,44.5,+17.1,+0.45
2019-2020,6,Tottenham,38,16,11,11,61,47,+14,59,1.55,46.1,52.0,-6.0,-0.16
2019-2020,7,Wolves,38,15,14,9,51,40,+11,59,1.55,47.1,34.8,+12.3,+0.32
2019-2020,8,Arsenal,38,14,14,10,56,48,+8,56,1.47,49.2,56.6,-7.3,-0.19
2019-2020,9,Sheffield Utd,38,14,12,12,39,39,0,54,1.42,41.5,47.9,-6.4,-0.17
2019-2020,10,Burnley,38,15,9,14,43,50,-7,54,1.42,43.9,48.3,-4.4,-0.12
2019-2020,11,Southampton,38,15,7,16,51,60,-9,52,1.37,53.9,53.1,+0.8,+0.02
2019-2020,12,Everton,38,13,10,15,44,56,-12,49,1.29,49.3,48.4,+0.9,+0.02
2019-2020,13,Newcastle Utd,38,11,11,16,38,58,-20,44,1.16,33.1,58.3,-25.2,-0.66
2019-2020,14,Crystal Palace,38,11,10,17,31,50,-19,43,1.13,34.0,51.3,-17.3,-0.45
2019-2020,15,Brighton,38,9,14,15,39,54,-15,41,1.08,41.2,54.5,-13.3,-0.35
2019-2020,16,West Ham,38,10,9,19,49,62,-13,39,1.03,46.1,61.0,-14.8,-0.39
2019-2020,17,Aston Villa,38,9,8,21,41,67,-26,35,0.92,40.1,65.9,-25.8,-0.68
2019-2020,18,Bournemouth,38,9,7,22,40,65,-25,34,0.89,42.7,57.5,-14.9,-0.39
2019-2020,19,Watford,38,8,10,20,36,64,-28,34,0.89,45.1,57.3,-12.2,-0.32
2019-2020,20,Norwich City,38,5,6,27,26,75,-49,21,0.55,38.0,61.9,-23.9,-0.63
2020-2021,1,Manchester City,38,27,5,6,83,32,+51,86,2.26,73.3,31.4,+42.0,+1.10
2020-2021,2,Manchester Utd,38,21,11,6,73,44,+29,74,1.95,60.2,42.2,+18.0,+0.47
2020-2021,3,Liverpool,38,20,9,9,68,42,+26,69,1.82,72.6,45.3,+27.3,+0.72
2020-2021,4,Chelsea,38,19,10,9,58,36,+22,67,1.76,64.0,32.8,+31.2,+0.82
2020-2021,5,Leicester City,38,20,6,12,68,50,+18,66,1.74,56.0,47.7,+8.3,+0.22
2020-2021,6,West Ham,38,19,8,11,62,47,+15,65,1.71,53.9,48.3,+5.6,+0.15
2020-2021,7,Tottenham,38,18,8,12,68,45,+23,62,1.63,54.5,49.5,+5.0,+0.13
2020-2021,8,Arsenal,38,18,7,13,55,39,+16,61,1.61,53.5,44.3,+9.2,+0.24
2020-2021,9,Leeds United,38,18,5,15,62,54,+8,59,1.55,57.5,62.9,-5.4,-0.14
2020-2021,10,Everton,38,17,8,13,47,48,-1,59,1.55,47.1,52.0,-4.9,-0.13
2020-2021,11,Aston Villa,38,16,7,15,55,46,+9,55,1.45,52.9,52.9,+0.1,0.00
2020-2021,12,Newcastle Utd,38,12,9,17,46,62,-16,45,1.18,41.0,54.0,-13.0,-0.34
2020-2021,13,Wolves,38,12,9,17,36,52,-16,45,1.18,39.9,45.8,-6.0,-0.16
2020-2021,14,Crystal Palace,38,12,8,18,41,66,-25,44,1.16,32.4,57.5,-25.0,-0.66
2020-2021,15,Southampton,38,12,7,19,47,68,-21,43,1.13,42.4,54.2,-11.8,-0.31
2020-2021,16,Brighton,38,9,14,15,40,46,-6,41,1.08,51.6,37.7,+13.9,+0.37
2020-2021,17,Burnley,38,10,9,19,33,55,-22,39,1.03,39.9,57.6,-17.7,-0.47
2020-2021,18,Fulham,38,5,13,20,27,53,-26,28,0.74,41.3,52.9,-11.7,-0.31
2020-2021,19,West Brom,38,5,11,22,35,76,-41,26,0.68,33.8,67.7,-34.0,-0.89
2020-2021,20,Sheffield Utd,38,7,2,29,20,63,-43,23,0.61,31.4,62.4,-31.0,-0.82
2021-2022,1,Manchester City,38,29,6,3,99,26,+73,93,2.45,89.0,27.2,+61.9,+1.63
2021-2022,2,Liverpool,38,28,8,2,94,26,+68,92,2.42,89.2,34.3,+55.0,+1.45
2021-2022,3,Chelsea,38,21,11,6,76,33,+43,74,1.95,67.2,36.0,+31.3,+0.82
2021-2022,4,Tottenham,38,22,5,11,69,40,+29,71,1.87,65.1,39.4,+25.8,+0.68
2021-2022,5,Arsenal,38,22,3,13,61,48,+13,69,1.82,59.9,47.1,+12.8,+0.34
2021-2022,6,Manchester Utd,38,16,10,12,57,57,0,58,1.53,54.8,54.5,+0.3,+0.01
2021-2022,7,West Ham,38,16,8,14,60,51,+9,56,1.47,49.9,51.0,-1.1,-0.03
2021-2022,8,Leicester City,38,14,10,14,62,59,+3,52,1.37,50.8,61.0,-10.1,-0.27
2021-2022,9,Brighton,38,12,15,11,42,44,-2,51,1.34,46.0,45.6,+0.4,+0.01
2021-2022,10,Wolves,38,15,6,17,38,43,-5,51,1.34,35.9,60.3,-24.4,-0.64
2021-2022,11,Newcastle Utd,38,13,10,15,44,62,-18,49,1.29,40.3,55.4,-15.2,-0.40
2021-2022,12,Crystal Palace,38,11,15,12,50,46,+4,48,1.26,46.4,41.0,+5.4,+0.14
2021-2022,13,Brentford,38,13,7,18,48,56,-8,46,1.21,47.8,49.1,-1.3,-0.03
2021-2022,14,Aston Villa,38,13,6,19,52,54,-2,45,1.18,44.0,49.1,-5.1,-0.13
2021-2022,15,Southampton,38,9,13,16,43,67,-24,40,1.05,46.8,58.6,-11.9,-0.31
2021-2022,16,Everton,38,11,6,21,43,66,-23,39,1.03,42.8,54.5,-11.7,-0.31
2021-2022,17,Leeds United,38,9,11,18,42,79,-37,38,1.00,47.2,70.1,-23.0,-0.60
2021-2022,18,Burnley,38,7,14,17,34,53,-19,35,0.92,39.0,56.7,-17.7,-0.47
2021-2022,19,Watford,38,6,5,27,34,77,-43,23,0.61,38.8,66.6,-27.8,-0.73
2021-2022,20,Norwich City,38,5,7,26,23,84,-61,22,0.58,33.3,77.0,-43.6,-1.15
