Year,Season,Club,goalsScored,goalsConceded,ownGoals,assists,shots,penaltyGoals,penaltiesTaken,freeKickGoals,freeKickShots,goalsFromInsideTheBox,goalsFromOutsideTheBox,shotsFromInsideTheBox,shotsFromOutsideTheBox,headedGoals,leftFootGoals,rightFootGoals,bigChances,bigChancesCreated,bigChancesMissed,shotsOnTarget,shotsOffTarget,blockedScoringAttempt,successfulDribbles,dribbleAttempts,corners,hitWoodwork,fastBreaks,fastBreakGoals,fastBreakShots,averageBallPossession,totalPasses,accuratePasses,accuratePassesPercentage,totalOwnHalfPasses,accurateOwnHalfPasses,accurateOwnHalfPassesPercentage,totalOppositionHalfPasses,accurateOppositionHalfPasses,accurateOppositionHalfPassesPercentage,totalLongBalls,accurateLongBalls,accurateLongBallsPercentage,totalCrosses,accurateCrosses,accurateCrossesPercentage,cleanSheets,tackles,interceptions,saves,errorsLeadingToGoal,errorsLeadingToShot,penaltiesCommited,penaltyGoalsConceded,clearances,clearancesOffLine,lastManTackles,totalDuels,duelsWon,duelsWonPercentage,totalGroundDuels,groundDuelsWon,groundDuelsWonPercentage,totalAerialDuels,aerialDuelsWon,aerialDuelsWonPercentage,possessionLost,offsides,fouls,yellowCards,yellowRedCards,redCards,avgRating,accurateFinalThirdPassesAgainst,accurateOppositionHalfPassesAgainst,accurateOwnHalfPassesAgainst,accuratePassesAgainst,bigChancesAgainst,bigChancesCreatedAgainst,bigChancesMissedAgainst,clearancesAgainst,cornersAgainst,crossesSuccessfulAgainst,crossesTotalAgainst,dribbleAttemptsTotalAgainst,dribbleAttemptsWonAgainst,errorsLeadingToGoalAgainst,errorsLeadingToShotAgainst,hitWoodworkAgainst,interceptionsAgainst,keyPassesAgainst,longBallsSuccessfulAgainst,longBallsTotalAgainst,offsidesAgainst,redCardsAgainst,shotsAgainst,shotsBlockedAgainst,shotsFromInsideTheBoxAgainst,shotsFromOutsideTheBoxAgainst,shotsOffTargetAgainst,shotsOnTargetAgainst,blockedScoringAttemptAgainst,tacklesAgainst,totalFinalThirdPassesAgainst,oppositionHalfPassesTotalAgainst,ownHalfPassesTotalAgainst,totalPassesAgainst,yellowCardsAgainst,id,matches,awardedMatches
2021,2021-2022,Manchester City,99,26,0,63,713,7,9,0,17,81,15,498,215,14,46,36,122,87,65,254,248,211,425,741,316,24,19,2,17,68.236842105263,26132,23434,89.675493647635,10518,9826,93.420802433923,16483,13776,83.577018746587,1596,1020,63.90977443609,869,168,19.332566168009,21,498,279,62,1,6,1,1,368,3,6,3352,1736,51.789976133652,2467,1252,50.749898662343,885,484,54.689265536723,4665,66,321,42,0,1,7.1843813387424,1610,3367,6018,9297,41,30,26,866,108,88,397,509,282,12,12,9,374,182,796,1973,94,3,237,54,164,73,95,88,54,632,2696,5510,6972,12085,66,6278,38,0
2021,2021-2022,Liverpool,94,26,1,71,729,7,8,1,13,86,8,490,239,16,39,39,132,97,59,256,259,214,343,635,282,9,32,4,29,63.210526315789,23588,20032,84.924537900627,9889,9044,91.455152189301,14596,11209,76.795012332146,1782,993,55.723905723906,897,221,24.63768115942,21,554,341,82,2,6,0,0,499,4,5,3571,1755,49.145897507701,2525,1181,46.772277227723,1046,574,54.875717017208,5688,63,363,50,0,1,7.1622309197652,1980,4062,6278,10245,53,45,39,968,117,95,460,577,343,6,12,10,487,230,958,2410,144,3,297,72,196,101,114,111,72,657,3300,6747,7453,13740,63,6232,38,0
2021,2021-2022,Chelsea,76,33,1,52,592,8,9,1,26,62,13,383,209,12,26,37,94,72,53,211,205,176,364,624,241,17,19,0,19,62.263157894737,23179,20200,87.147849346391,10430,9512,91.198465963567,13494,10844,80.361642211353,1511,843,55.790866975513,745,156,20.939597315436,16,621,347,84,6,9,6,6,616,4,2,3741,1914,51.162790697674,2709,1372,50.645994832041,1032,542,52.519379844961,4974,69,409,63,0,1,7.0629558541267,2526,5068,5880,10827,49,34,30,761,151,121,533,567,310,5,7,5,376,232,783,1934,67,4,341,97,213,128,125,119,97,643,3944,7715,6765,13947,68,6211,38,0
2021,2021-2022,Tottenham Hotspur,69,40,1,50,491,5,5,1,16,56,7,325,166,8,24,31,104,84,60,198,160,133,375,667,193,13,26,4,22,51.815789473684,19165,16291,85.003913383772,9528,8565,89.892947103275,10269,7877,76.706592657513,1357,678,49.963154016212,632,151,23.892405063291,16,598,355,98,3,12,2,2,758,5,1,3764,1940,51.54091392136,2697,1375,50.982573229514,1067,565,52.952202436739,4756,62,386,68,1,1,7.0175196850394,3717,7702,7110,14649,46,35,26,635,192,163,740,585,322,3,7,11,368,359,957,1978,43,6,492,159,309,183,191,142,159,632,5122,10496,7849,17605,79,6277,38,0
2021,2021-2022,Arsenal,61,48,1,41,589,5,8,1,22,50,10,372,217,7,27,25,69,39,42,198,220,171,319,590,208,18,23,6,18,53.026315789474,18290,15254,83.400765445599,8171,7337,89.793170970505,10752,8066,75.018601190476,1280,609,47.578125,633,149,23.538704581359,13,540,296,100,5,15,6,5,636,0,5,3456,1678,48.553240740741,2409,1208,50.145288501453,1047,470,44.890162368672,4881,66,365,63,3,4,6.8976833976834,3047,6504,6953,13324,67,53,35,697,175,133,606,501,256,4,14,13,365,316,869,2013,64,3,425,127,263,162,151,147,127,607,4347,9117,7913,16424,67,6194,38,0
2021,2021-2022,Manchester United,57,57,3,46,508,3,5,1,19,48,8,325,183,6,10,40,81,66,50,187,177,144,368,631,197,13,24,4,21,52.736842105263,19035,15757,82.779091147885,8662,7578,87.485569152621,11032,8330,75.507614213198,1526,845,55.373525557012,659,151,22.913505311077,8,585,340,128,4,16,5,3,673,4,2,3596,1828,50.83426028921,2595,1270,48.940269749518,1001,558,55.744255744256,5133,88,396,76,1,2,6.8996204933586,3320,7016,7298,14176,75,58,46,654,207,138,648,608,343,7,10,11,430,367,905,2020,72,1,511,131,325,186,196,184,131,596,4775,9874,8142,17368,48,6199,38,0
2021,2021-2022,West Ham United,60,51,2,46,449,4,6,1,13,50,8,306,143,8,21,27,73,52,37,157,164,128,306,545,200,10,24,6,20,47.710526315789,16579,13362,80.595934616081,7570,6656,87.926023778071,9811,6863,69.952094587708,1559,733,47.017318794099,802,157,19.576059850374,8,534,374,116,1,4,6,2,755,2,1,3536,1753,49.575791855204,2263,1111,49.09412284578,1273,642,50.432050274941,5144,59,323,49,2,3,6.9087221095335,3912,7893,7638,15365,58,44,36,717,200,166,758,557,317,3,6,17,337,416,886,1969,35,3,548,178,351,197,203,167,178,532,5365,10800,8513,18555,48,6270,38,0
2021,2021-2022,Leicester City,62,59,1,45,435,2,2,1,14,55,7,269,166,5,20,37,73,51,37,169,148,118,297,547,185,9,19,4,15,52.184210526316,18578,15195,81.790289589837,9781,8663,88.569675902259,9353,6630,70.886346626751,1388,602,43.371757925072,556,98,17.625899280576,7,690,367,135,3,12,9,7,727,4,3,3847,1913,49.72706004679,2761,1381,50.018109380659,1086,532,48.987108655617,5260,60,356,55,0,1,6.8611538461539,3475,7109,6876,13784,89,61,56,596,218,201,738,720,414,7,6,12,401,416,905,2049,73,0,565,150,392,173,218,197,150,618,5064,10023,7770,17055,60,6215,38,0
2021,2021-2022,Brighton & Hove Albion,42,44,0,30,489,4,7,0,15,32,8,298,191,8,5,26,62,49,40,152,197,140,317,559,200,11,8,2,6,54.605263157895,18835,15385,81.683036899389,8853,7992,90.274483226025,10710,7579,70.765639589169,1552,751,48.389175257732,728,186,25.549450549451,11,668,358,104,0,12,4,3,684,4,3,3691,1910,51.747493904091,2618,1338,51.107715813598,1073,572,53.308480894688,5405,53,393,73,0,2,6.9210325047801,3153,6105,6389,12383,58,40,35,703,211,111,680,564,320,1,7,17,389,342,846,2015,42,0,476,155,291,185,169,152,155,591,4447,8837,7559,15716,80,6218,38,0
2021,2021-2022,Wolverhampton,38,43,1,22,402,1,1,1,13,27,8,239,163,5,11,19,58,41,40,136,158,108,450,771,168,12,33,3,31,49.526315789474,17517,14236,81.269623794029,9158,7960,86.918541166193,8946,6413,71.685669572994,1766,899,50.906002265006,587,137,23.339011925043,11,673,389,125,5,15,10,9,771,4,3,3825,1919,50.169934640523,2866,1454,50.732728541521,959,465,48.488008342023,5174,61,366,61,2,2,6.8905511811024,3543,7311,7661,14827,70,48,40,599,204,145,721,671,398,4,10,11,383,369,841,1836,85,3,509,136,339,170,202,171,136,662,5128,10276,8376,17931,87,6216,38,0
2021,2021-2022,Newcastle United,44,62,2,23,449,3,3,4,15,34,7,268,181,9,4,28,49,34,28,149,179,121,359,632,160,7,26,3,25,40.0,12503,9329,74.614092617772,5599,4747,84.782996963744,7496,4732,63.127001067236,1490,648,43.489932885906,592,150,25.337837837838,8,659,360,107,4,10,6,5,743,6,1,4025,2059,51.155279503106,2726,1382,50.696991929567,1299,677,52.11701308699,5135,71,392,80,1,2,6.7889546351085,4143,8848,7567,16262,91,68,48,642,190,153,685,641,337,3,9,12,268,398,981,2077,58,3,530,160,339,191,199,171,160,632,5656,11809,8417,19541,75,6269,38,0
2021,2021-2022,Crystal Palace,50,46,2,31,412,6,8,1,13,45,5,301,111,6,17,27,61,41,33,147,153,112,383,688,175,11,14,2,12,51.157894736842,17309,13903,80.322375642729,9313,8203,88.081176849565,8639,5851,67.727746266929,1856,833,44.881465517241,643,151,23.48367029549,12,636,333,101,1,4,4,3,731,2,3,4197,2109,50.250178699071,2960,1496,50.540540540541,1237,613,49.555375909458,5603,63,414,68,1,1,6.8709615384615,3450,6973,6476,13282,47,30,27,683,184,167,664,575,302,6,10,9,378,305,987,2232,53,3,443,138,267,176,159,146,138,776,5091,10038,7414,16788,73,6212,38,0
2021,2021-2022,Brentford,48,56,2,32,442,6,6,0,11,43,3,317,125,11,15,20,66,50,37,155,161,126,262,476,159,12,15,1,14,44.526315789474,14604,10762,73.692139139962,7056,6000,85.034013605442,8188,4918,60.063507572057,1468,582,39.645776566757,640,156,24.375,9,607,393,129,2,5,5,5,809,4,2,3862,1949,50.466079751424,2407,1227,50.976319069381,1455,722,49.621993127148,5699,66,371,63,2,3,6.8390151515151,4237,8547,6426,14793,68,53,40,801,229,180,812,616,325,3,9,9,381,359,967,2260,71,3,503,113,305,198,207,183,113,505,5821,11737,7509,18434,50,6193,38,0
2021,2021-2022,Aston Villa,52,54,2,42,464,3,3,0,20,43,7,291,173,6,15,29,52,42,30,162,171,131,333,587,196,6,13,4,9,46.447368421053,14886,11868,79.725916968964,6999,6193,88.484069152736,8557,5821,68.026177398621,1389,602,43.340532757379,670,146,21.791044776119,11,634,340,98,3,10,6,4,629,7,1,3905,2005,51.34443021767,2796,1461,52.25321888412,1109,544,49.053201082056,4983,52,401,80,1,2,6.8594285714286,3234,6670,7695,14218,68,45,43,706,220,147,685,649,349,0,6,8,339,349,1096,2149,39,1,477,135,304,173,186,156,135,598,4661,9454,8589,17358,84,6220,38,0
2021,2021-2022,Southampton,43,67,2,26,482,4,4,4,24,33,8,298,184,9,5,27,60,44,41,170,177,135,350,624,233,10,15,2,13,47.710526315789,15288,11717,76.641810570382,6373,5412,84.920759453946,9626,6456,67.068356534386,1420,562,39.577464788732,711,151,21.237693389592,8,602,446,118,5,8,2,2,761,6,0,4075,1987,48.760736196319,2666,1312,49.212303075769,1409,675,47.906316536551,5748,42,402,64,1,2,6.8031189083821,3546,6871,6615,13322,99,75,56,784,197,164,721,582,334,2,16,16,349,365,1005,2207,65,1,495,134,331,164,172,189,134,639,5109,10023,7745,17047,62,6214,38,0
2021,2021-2022,Everton,43,66,5,29,437,6,7,0,18,37,5,279,158,8,12,21,49,33,24,138,152,147,337,634,161,7,20,3,17,39.763157894737,12944,9493,73.338998763906,5331,4426,83.023822922529,8266,5231,63.28332930075,1324,553,41.767371601208,653,164,25.114854517611,8,705,365,128,10,5,2,2,775,2,4,4155,2064,49.675090252708,2786,1424,51.112706389088,1369,640,46.749452154858,5495,53,368,80,2,6,6.7787276341948,4130,8811,8260,16909,88,66,48,611,219,162,719,735,399,1,5,14,333,374,979,2103,43,0,522,142,323,199,190,190,142,620,5719,11842,9320,20443,72,6213,38,0
2021,2021-2022,Leeds United,42,79,1,26,485,5,5,1,13,33,9,287,198,3,27,12,63,44,37,154,194,137,339,655,170,18,15,0,15,52.526315789474,16503,12865,77.955523238199,8818,7641,86.652302109322,8333,5345,64.142565702628,1631,721,44.206008583691,648,121,18.672839506173,5,786,395,147,4,11,5,5,604,7,1,4143,1960,47.308713492638,3038,1483,48.815009874918,1105,477,43.16742081448,5641,63,469,101,0,3,6.7498069498069,2989,5972,6190,12008,94,72,51,689,181,154,568,886,478,5,15,11,398,436,887,2053,53,3,581,148,371,210,202,231,148,614,4580,8893,7080,15405,71,6200,38,0
2021,2021-2022,Burnley,34,53,2,26,407,1,2,1,14,28,4,264,143,10,9,13,54,43,37,125,179,103,258,480,183,15,12,1,11,39.736842105263,12319,8522,69.177692994561,4586,3759,81.966855647623,8480,4924,58.066037735849,1710,717,41.929824561404,747,161,21.552878179384,9,589,411,129,4,14,5,5,832,9,3,3912,2004,51.226993865031,2341,1171,50.021358393849,1571,833,53.023551877785,5739,101,394,68,0,2,6.859126984127,4109,7858,8042,15721,68,48,36,810,265,179,861,534,284,1,8,16,281,459,1047,2457,54,0,603,209,394,209,207,187,209,512,5682,11136,9276,19551,44,6217,38,0
2021,2021-2022,Watford,34,77,3,26,399,1,2,0,24,33,0,247,152,8,6,19,58,49,39,127,175,97,395,751,161,11,30,2,28,40.315789473684,13046,9509,72.888241606623,6014,5041,83.821084137014,7642,4614,60.376864695106,1485,639,43.030303030303,610,146,23.934426229508,4,614,444,117,9,10,7,6,866,5,4,4341,2072,47.730937571988,2867,1355,47.261946285316,1474,717,48.643147896879,5649,53,442,60,3,3,6.7092843326886,3907,8274,8200,16272,86,69,42,581,234,202,801,627,348,3,12,16,347,425,1089,2278,55,1,561,150,371,190,218,193,150,745,5651,11524,9210,19933,63,6219,38,0
2021,2021-2022,Norwich City,23,84,2,16,373,3,3,0,18,18,3,205,168,5,4,12,37,30,27,109,147,117,298,581,165,8,18,1,17,42.5,14466,11208,77.478224802986,7809,6803,87.117428608016,7225,4532,62.726643598616,1520,667,43.881578947368,568,127,22.359154929577,6,614,381,141,5,9,12,9,816,8,4,3788,1836,48.468848996832,2691,1341,49.832775919732,1097,495,45.123062898815,5102,55,356,56,1,1,6.6814531548757,4617,9050,7786,16658,102,74,56,550,251,178,793,714,417,1,12,14,330,470,1069,2054,56,2,631,181,414,217,220,230,181,596,6206,12047,8586,19840,60,6231,38,0
2020,2020-2021,Manchester City,83,32,1,55,599,5,9,1,21,72,10,394,205,10,28,44,106,79,59,218,208,173,485,783,247,20,21,3,20,63.710526315789,25651,22921,89.357140072512,10557,9842,93.227242587856,15726,13196,83.911992878036,1365,867,63.516483516484,632,117,18.512658227848,19,498,319,69,4,7,10,8,429,0,3,3586,1834,51.143335192415,2678,1349,50.373412994772,908,485,53.4140969163,4573,57,361,46,0,2,7.0853909465021,2030,4525,7145,11586,36,16,17,688,111,84,426,576,342,10,18,6,405,201,846,1985,67,2,283,82,172,111,101,100,82,647,3143,6773,8131,14478,60,4704,38,0
2020,2020-2021,Manchester United,73,44,2,51,526,10,11,0,21,62,8,324,202,13,15,42,94,68,51,213,162,151,417,713,197,9,18,6,13,55.868421052632,20984,17796,84.807472359893,9328,8375,89.783447684391,12295,9575,77.877185847906,1486,875,58.882907133244,639,154,24.100156494523,13,551,385,100,6,14,4,4,595,0,3,3760,1914,50.904255319149,2785,1362,48.904847396768,975,552,56.615384615385,5085,76,452,64,0,1,6.9809145129225,2973,6051,7470,13401,63,46,37,685,162,120,617,577,340,2,9,19,478,321,872,2071,60,3,428,122,274,154,165,141,122,656,4372,8787,8409,16579,63,4655,38,0
2020,2020-2021,Liverpool,68,42,0,43,608,6,6,0,22,59,6,406,202,14,27,24,109,82,68,214,221,173,407,696,257,12,22,5,17,62.447368421053,24292,20822,85.715461880454,10367,9537,91.993826565062,14787,11456,77.473456414418,1747,905,51.803091013165,862,171,19.837587006961,12,526,347,100,9,11,8,4,544,4,5,3736,1785,47.778372591006,2616,1242,47.477064220183,1120,543,48.482142857143,5638,65,396,40,0,0,6.9825742574257,2138,4593,6625,11103,82,57,62,1010,122,115,531,543,323,8,19,7,456,241,1052,2444,95,2,332,58,226,106,130,144,58,675,3466,7333,7762,14564,56,4472,38,0
2020,2020-2021,Chelsea,58,36,1,38,556,8,10,0,16,53,3,365,191,8,19,28,92,62,56,210,194,152,359,657,226,17,17,2,15,61.289473684211,24070,20941,87.000415454923,11857,10832,91.355317533946,12962,10294,79.416756673353,1608,906,56.34328358209,749,185,24.699599465955,18,612,382,73,8,8,4,3,614,2,3,3756,1903,50.66560170394,2656,1327,49.96234939759,1100,576,52.363636363636,5044,79,433,50,1,3,7.0030769230769,2701,5621,6356,11894,41,31,20,713,160,83,533,570,339,4,12,11,430,242,887,2038,54,3,336,84,195,141,143,109,84,584,4150,8399,7257,15123,55,4603,38,0
2020,2020-2021,Leicester City,68,50,2,45,485,10,12,1,20,52,12,292,193,7,20,37,84,53,45,185,155,145,358,645,212,13,15,4,11,54.552631578947,19577,16075,82.111661643766,9391,8287,88.24406346502,10835,7908,72.985694508537,1436,665,46.309192200557,649,120,18.48998459168,11,681,438,88,4,5,4,4,629,3,1,4038,2060,51.015354135711,2823,1446,51.222104144527,1215,614,50.534979423868,5405,71,413,61,0,0,6.9157170923379,2824,6333,6638,12814,70,52,40,621,181,157,647,676,381,8,7,16,449,278,932,2094,72,1,370,90,252,118,141,139,90,609,4340,9295,7619,16267,61,4521,38,0
2020,2020-2021,West Ham United,62,47,4,46,468,2,4,0,17,57,3,323,145,14,13,31,81,59,44,165,187,116,298,542,167,23,26,6,20,42.736842105263,15152,11782,77.758711721225,6660,5713,85.780780780781,9267,6254,67.486781051041,1450,653,45.034482758621,775,185,23.870967741935,11,514,437,109,3,8,5,3,729,5,0,3843,1904,49.544626593807,2399,1147,47.811588161734,1444,757,52.423822714681,5279,74,375,49,1,3,6.8961847389558,4141,9231,8292,17376,67,53,41,650,183,147,740,573,349,2,7,14,364,360,932,2052,59,1,464,125,273,191,187,152,125,562,5744,12312,9219,20791,51,4496,38,0
2020,2020-2021,Tottenham Hotspur,68,45,3,50,443,5,5,0,35,56,10,271,172,10,21,35,86,62,42,176,162,105,403,715,168,24,28,5,23,51.526315789474,19070,15596,81.782905086523,9658,8502,88.030648167322,9938,7209,72.539746427853,1627,729,44.80639213276,526,115,21.863117870722,12,636,342,114,4,11,10,10,746,3,2,4252,2125,49.976481655691,2971,1500,50.488051161225,1281,625,48.790007806401,5281,45,440,55,2,2,6.921359223301,3711,7633,7004,14471,54,32,29,584,201,166,754,683,406,7,8,13,429,376,947,2067,76,1,486,146,324,162,182,158,146,646,5229,10671,7799,17716,77,4556,38,0
2020,2020-2021,Arsenal,55,39,4,38,459,6,6,2,23,50,3,293,166,6,18,28,64,45,32,152,182,125,295,534,207,19,11,1,10,53.657894736842,20120,17111,85.044731610338,9894,8981,90.772185162725,10977,8291,75.530655005921,1498,740,49.399198931909,751,161,21.438082556591,12,456,350,96,5,11,3,2,613,3,4,3419,1655,48.405966656917,2300,1140,49.565217391304,1119,515,46.023235031278,4829,61,346,48,1,5,6.8888888888889,3274,7242,7391,14492,57,41,36,712,166,141,652,548,336,6,10,15,368,304,994,2146,53,2,415,113,259,156,170,132,113,499,4563,9910,8319,17577,73,4362,38,0
2020,2020-2021,Leeds United,62,54,2,45,522,4,4,2,9,47,13,353,169,8,30,22,76,60,49,199,197,126,318,563,229,18,29,7,23,57.631578947368,18652,15079,80.84387733219,9879,8758,88.652697641462,9557,6483,67.835094694988,1712,864,50.467289719626,786,164,20.865139949109,12,740,397,148,5,21,9,8,611,2,1,4055,2006,49.469790382244,2896,1454,50.207182320442,1159,552,47.62726488352,5625,76,432,61,0,1,6.9271317829457,2927,5672,4805,10331,82,60,44,779,211,146,613,769,459,5,9,19,426,422,797,1996,53,2,558,151,343,215,206,201,151,564,4438,8620,5627,13634,48,4473,38,0
2020,2020-2021,Everton,47,48,1,32,400,4,5,0,15,42,3,255,145,14,8,23,65,47,35,148,152,100,362,591,167,10,10,0,10,46.368421052632,17132,13948,81.414896100864,9199,8258,89.770627242092,8595,5829,67.8184991274,1455,763,52.439862542955,662,139,20.996978851964,12,640,392,114,6,13,4,3,803,1,3,3887,2058,52.945716490867,2718,1384,50.919793966152,1169,674,57.656116338751,5082,65,386,59,0,2,6.9135559921415,3987,8490,8290,16635,74,54,48,602,226,145,746,664,398,3,6,21,357,368,912,1967,42,1,505,160,312,193,183,162,160,573,5489,11403,9130,19787,66,4557,38,0
2020,2020-2021,Aston Villa,55,46,1,38,520,5,6,0,16,44,8,344,176,7,17,28,79,59,45,186,189,145,367,594,213,21,26,4,23,48.263157894737,15185,11936,78.603885413237,6469,5612,86.752202813418,9495,6498,68.436018957346,1665,826,49.60960960961,779,174,22.336328626444,15,531,387,142,4,13,6,5,736,3,1,4145,2178,52.54523522316,2736,1443,52.741228070175,1409,735,52.164655784244,5261,71,439,67,4,4,6.9752016129032,3661,6886,6641,13371,66,42,41,768,194,156,784,581,320,8,10,12,353,397,914,2116,47,7,538,161,333,205,188,189,161,565,5109,9879,7578,16673,71,4697,38,0
2020,2020-2021,Newcastle United,46,62,3,26,397,6,7,1,25,41,3,250,147,9,13,22,59,42,34,142,142,113,350,587,161,13,27,3,25,38.342105263158,13116,9968,75.998780115889,6427,5494,85.483118095534,7341,4630,63.070426372429,1596,706,44.235588972431,652,156,23.926380368098,7,512,362,133,4,6,5,4,876,6,1,3814,1916,50.23597273204,2500,1267,50.68,1314,649,49.391171993912,4972,58,388,63,2,3,6.7928433268859,4669,10218,8500,18523,76,55,50,594,226,195,844,548,340,5,4,18,372,438,1119,2114,70,3,572,156,350,222,222,194,156,534,6191,13208,9317,21681,59,4497,38,0
2020,2020-2021,Wolverhampton,36,52,3,21,463,4,4,0,18,31,3,281,182,7,7,20,44,28,29,154,179,130,468,779,208,16,26,2,24,49.315789473684,17522,14570,83.152608149755,8616,7596,88.161559888579,9681,7145,73.804359053817,1759,951,54.064809550881,775,171,22.064516129032,10,588,432,103,6,9,8,7,675,5,3,3974,2015,50.704579768495,2785,1434,51.49012567325,1189,581,48.864592094197,4963,37,426,54,1,1,6.869140625,3656,7808,7715,15370,72,47,48,635,185,153,736,611,334,1,14,18,345,326,993,1950,65,6,442,117,298,144,168,157,117,620,5128,10675,8378,18317,61,4595,38,0
2020,2020-2021,Crystal Palace,41,66,0,29,349,3,4,1,18,35,4,224,125,9,9,20,46,33,26,132,118,99,365,645,151,10,16,3,13,40.236842105263,14067,10710,76.135636596289,6383,5452,85.41438195206,8217,5397,65.680905439942,1309,532,40.641711229947,533,139,26.078799249531,8,636,397,109,5,8,4,3,727,2,1,4186,2121,50.66889632107,2824,1428,50.56657223796,1362,693,50.881057268722,5302,67,409,55,1,2,6.7710891089109,4306,9318,8794,17885,86,68,51,543,230,227,794,621,338,2,9,17,378,401,1247,2247,46,4,539,140,361,178,223,176,140,682,5885,12364,9688,21258,43,4431,38,0
2020,2020-2021,Southampton,47,68,1,33,424,5,6,4,20,39,8,251,173,5,6,36,64,39,41,168,159,97,342,600,177,12,7,0,7,52.210526315789,17682,14022,79.300984051578,8960,7880,87.946428571429,9276,6247,67.345838723588,1378,564,40.928882438316,554,105,18.953068592058,9,729,399,113,4,6,9,8,645,2,6,4169,2019,48.428879827297,2916,1485,50.925925925926,1253,534,42.617717478053,5688,76,428,52,0,3,6.7696252465483,3100,6385,6464,12703,85,62,38,653,196,146,667,730,388,6,8,7,428,316,993,2173,89,3,428,97,301,127,151,180,97,645,4596,9477,7557,16367,56,4432,38,0
2020,2020-2021,Brighton & Hove Albion,40,46,2,24,487,6,9,0,15,33,6,320,167,7,5,27,65,46,44,143,188,156,350,573,219,16,9,0,9,51.131578947368,18185,14793,81.34726422876,8834,7926,89.721530450532,10037,7032,70.060775132012,1665,827,49.66966966967,686,165,24.052478134111,12,628,425,82,2,6,7,6,560,2,2,3725,1865,50.06711409396,2599,1326,51.019622931897,1126,539,47.868561278863,5229,52,428,47,2,6,6.8796511627907,3398,7168,7288,14337,51,36,28,677,165,119,625,603,351,4,11,11,456,264,903,2100,54,2,358,99,222,136,132,127,99,528,4711,9950,8287,17612,51,4602,38,0
2020,2020-2021,Burnley,33,55,1,20,384,3,3,0,15,27,5,234,150,8,8,15,55,40,40,130,166,88,234,403,172,10,3,1,2,41.947368421053,13846,9919,71.638018200202,5251,4449,84.726718720244,9367,5622,60.019216397993,2025,819,40.444444444444,772,152,19.689119170984,11,507,416,126,5,6,3,3,772,8,1,4002,2003,50.049975012494,2240,1115,49.776785714286,1762,888,50.397275822928,5732,80,384,48,0,0,6.820612244898,4124,7937,8156,15921,75,59,47,798,237,172,801,565,335,5,7,14,308,456,1024,2483,79,2,570,179,358,212,204,187,179,447,5543,11125,9445,19769,32,4691,38,0
2020,2020-2021,Fulham,27,53,1,18,442,3,6,0,12,24,2,273,169,5,4,16,51,35,32,136,188,118,506,795,164,12,14,1,13,49.789473684211,17796,14458,81.242975949652,8862,7825,88.298352516362,9644,6797,70.479054334301,1653,773,46.763460375076,710,164,23.098591549296,9,601,437,120,4,9,7,7,751,2,2,4221,2128,50.414593698176,2935,1476,50.289608177172,1286,652,50.699844479005,5571,43,484,67,0,3,6.8368725868726,3177,7224,7670,14728,88,69,53,699,192,166,693,581,327,4,12,18,404,305,987,2233,103,1,428,96,282,146,160,172,96,682,4818,10317,8625,18249,40,4361,38,0
2020,2020-2021,West Bromwich Albion,35,76,3,20,339,4,4,1,16,25,8,198,141,5,16,12,53,38,37,112,151,76,264,505,145,13,12,2,10,37.526315789474,12389,8950,72.241504560497,5257,4398,83.659882062013,7736,4682,60.522233712513,1406,584,41.53627311522,604,130,21.523178807947,6,581,435,170,3,10,11,7,840,7,0,4056,1965,48.44674556213,2554,1240,48.551292090838,1502,725,48.268974700399,5422,75,404,51,0,4,6.7153100775194,4671,9830,8189,17836,94,60,48,626,266,185,841,656,385,4,9,19,328,452,932,2025,60,1,599,156,381,218,196,247,156,554,6290,13013,9200,21374,49,4520,38,0
2020,2020-2021,Sheffield United,20,63,3,13,323,3,4,0,5,17,2,213,110,4,4,11,44,36,33,99,134,90,269,475,170,5,8,0,8,41.447368421053,14647,11259,76.868983409572,5842,5041,86.288942143102,9471,6348,67.02565726956,1425,622,43.649122807018,666,130,19.51951951952,5,634,351,147,4,15,4,3,796,9,2,4112,1914,46.546692607004,2577,1189,46.138921226232,1535,725,47.231270358306,5224,73,459,73,0,3,6.7166023166023,4011,8728,9325,17879,98,73,64,654,243,174,718,720,426,1,8,18,296,415,1218,2377,57,1,543,146,348,195,182,215,146,529,5565,11693,10344,21319,38,4594,38,0
2019,2019-2020,Liverpool,85,33,1,69,591,5,5,2,20,71,12,417,174,18,26,39,109,88,65,231,196,164,387,658,257,17,38,10,28,63.236842105263,23872,20131,84.328920911528,10193,9323,91.464730697538,14575,10988,75.38936535163,2105,1097,52.114014251781,896,180,20.089285714286,15,550,352,76,5,20,1,1,587,2,6,3730,1885,50.536193029491,2466,1217,49.351175993512,1264,668,52.848101265823,5870,53,331,38,0,1,7.0371698113208,2054,4283,5875,10034,66,54,47,1094,160,124,551,589,371,10,23,11,456,256,932,2426,142,0,341,72,223,118,160,109,72,577,3431,7199,6986,13634,47,1,38,0
2019,2019-2020,Manchester City,102,35,1,69,745,6,11,5,27,83,17,509,236,11,38,51,141,107,83,266,257,222,486,721,298,26,29,4,26,66.684210526316,26329,23515,89.312165293023,10616,9916,93.406179351922,16627,13804,83.021591387502,1686,1136,67.378410438909,914,205,22.428884026258,17,514,352,76,7,14,3,3,476,3,1,3603,1811,50.263669164585,2575,1294,50.252427184466,1028,517,50.291828793774,4719,68,362,62,2,4,7.1220754716981,1909,4009,6294,10220,59,37,38,933,97,83,420,606,376,5,19,8,477,200,860,2129,83,1,280,67,200,80,98,115,67,576,3068,6380,7203,13163,53,12,38,0
2019,2019-2020,Manchester United,66,36,1,43,544,10,14,1,33,53,12,301,243,5,17,43,86,54,52,216,200,128,447,748,204,15,32,6,26,56.0,20059,16761,83.558502417867,8723,7754,88.89143643242,11971,9132,76.28435385515,1560,840,53.846153846154,635,125,19.685039370079,13,580,379,96,7,7,3,3,627,0,1,4003,2011,50.237322008494,2908,1440,49.518569463549,1095,571,52.146118721461,5317,56,423,73,0,0,6.9393474088292,3054,6278,6095,12246,49,35,31,668,186,127,691,634,379,11,10,13,485,276,948,2231,67,2,389,110,240,149,148,131,110,697,4526,9346,6962,15617,78,11,38,0
2019,2019-2020,Chelsea,69,54,3,46,625,7,7,2,29,59,10,413,212,9,14,46,105,74,69,223,224,178,460,718,247,14,25,7,19,60.736842105263,23244,19803,85.196179659267,11152,10127,90.808823529412,12954,9893,76.370233132623,1755,988,56.296296296296,862,217,25.174013921114,9,638,459,65,3,11,2,2,586,3,6,4284,2185,51.003734827264,2852,1474,51.683029453015,1432,711,49.650837988827,5572,63,386,60,0,0,6.9576850094877,2418,5343,6347,11568,64,48,36,893,133,122,518,604,358,8,12,7,434,241,942,2277,43,3,322,89,219,103,115,118,89,672,3857,8306,7338,15126,76,6,38,0
2019,2019-2020,Leicester City,67,41,2,48,540,5,7,1,20,57,8,339,201,8,18,39,88,69,49,191,209,140,377,688,221,12,40,9,31,57.5,19915,16497,82.837057494351,9419,8358,88.735534557809,11275,8302,73.631929046563,1584,779,49.179292929293,779,163,20.924261874198,13,742,423,96,3,13,10,8,700,1,4,4359,2222,50.97499426474,2999,1547,51.583861287096,1360,675,49.632352941176,5508,64,418,42,1,3,6.9393536121673,2803,6014,5385,11249,65,45,39,756,175,150,647,725,427,9,8,5,432,291,976,2221,65,3,378,95,254,124,147,136,95,639,4274,9029,6320,14702,69,572,38,0
2019,2019-2020,Tottenham Hotspur,61,47,2,39,444,3,4,1,21,50,6,267,177,8,14,34,69,48,35,160,158,126,449,747,200,7,35,8,30,52.157894736842,18644,15176,81.398841450333,8582,7581,88.336052202284,10703,7706,71.99850509203,1538,677,44.018205461638,641,111,17.316692667707,8,665,381,140,8,16,7,5,841,3,5,4425,2180,49.265536723164,3092,1530,49.482535575679,1333,650,48.762190547637,5572,66,423,83,1,2,6.8592592592593,3497,7264,6623,13709,59,37,31,737,207,178,740,681,428,6,11,14,450,393,1070,2267,54,1,539,152,340,199,203,184,152,734,5025,10375,7511,17146,82,19,38,0
2019,2019-2020,Wolverhampton,51,40,1,34,461,4,4,1,13,42,7,299,162,9,14,26,80,57,47,148,177,136,509,817,193,9,38,5,34,48.263157894737,16764,13286,79.253161536626,8081,6941,85.892835045168,9401,6522,69.375598340602,1992,1086,54.518072289157,718,177,24.651810584958,13,646,437,91,6,17,3,1,652,1,5,4429,2289,51.682095281102,2922,1501,51.368925393566,1507,788,52.289316522893,5453,49,407,59,2,2,6.9246492985972,3253,7623,7330,14796,48,34,33,751,148,157,664,685,404,7,12,8,380,290,958,2181,41,5,399,113,256,143,156,130,113,646,4910,10845,8066,18247,83,20,38,0
2019,2019-2020,Arsenal,56,48,0,35,406,3,3,1,19,51,5,281,125,5,16,35,67,47,30,151,156,99,411,697,231,15,20,2,19,53.947368421053,18649,15582,83.554077966647,9728,8703,89.463404605263,9620,7020,72.972972972973,1582,853,53.919089759798,699,141,20.171673819742,10,584,351,147,5,13,8,7,703,4,0,3950,1934,48.962025316456,2838,1421,50.070472163495,1112,513,46.13309352518,5046,73,421,87,1,5,6.8623595505618,3501,7213,5961,12987,78,60,50,665,229,187,784,613,363,9,10,13,425,416,1001,2011,52,1,553,146,344,209,210,197,146,656,4886,10001,6728,15945,79,434,38,0
2019,2019-2020,Sheffield United,39,39,0,25,353,1,1,0,4,35,1,264,89,5,10,21,71,60,48,114,144,95,346,535,212,3,24,3,22,42.868421052632,14922,11097,74.366706875754,5626,4806,85.424813366513,10162,6484,63.80633733517,1873,835,44.580886278697,866,193,22.286374133949,13,611,420,102,8,8,3,1,880,1,2,4347,2209,50.816655164481,2487,1250,50.261359067149,1860,959,51.559139784946,5788,78,412,62,1,2,6.8501915708812,3752,8029,8937,16815,77,58,48,825,218,151,761,647,385,7,8,10,351,326,1163,2564,57,0,431,110,266,165,181,140,110,481,5374,11306,10086,20631,46,430,38,0
2019,2019-2020,Burnley,43,50,1,30,387,3,3,0,18,35,6,264,123,9,12,19,78,53,56,134,162,91,246,454,171,8,8,2,7,41.473684210526,12814,8972,70.017168721711,4938,4155,84.143377885784,8619,5000,58.011370228565,1795,645,35.933147632312,743,183,24.629878869448,15,547,387,120,6,9,5,4,833,3,2,4260,2098,49.24882629108,2343,1130,48.228766538626,1917,968,50.495565988524,5697,89,412,67,0,0,6.8136645962733,3939,7426,7438,14706,69,54,50,777,238,158,820,585,345,5,15,12,293,408,1046,2534,50,3,539,175,320,219,194,170,175,499,5474,10790,8664,18634,41,481,38,0
2019,2019-2020,Southampton,51,60,1,32,499,2,5,2,27,39,12,303,196,3,14,33,74,49,46,181,190,128,423,680,210,15,20,2,18,48.947368421053,15667,11496,73.377162188039,6423,5398,84.041725050599,9934,6252,62.935373464868,1771,667,37.662337662338,690,154,22.31884057971,9,706,425,109,10,11,4,3,824,0,3,4722,2328,49.301143583227,3006,1503,50.0,1716,825,48.076923076923,6333,58,450,54,1,4,6.795145631068,3119,6218,6214,12276,88,70,52,781,223,156,737,794,469,10,12,6,428,334,1017,2472,69,3,452,132,306,146,152,168,132,619,4720,9683,7517,16463,66,443,38,0
2019,2019-2020,Everton,44,56,3,32,469,1,1,0,20,41,1,316,153,14,8,19,76,59,47,162,176,131,374,609,203,13,19,3,17,49.157894736842,15826,12349,78.029824339694,7421,6499,87.575798409918,9209,6046,65.653165381692,1612,858,53.225806451613,804,196,24.378109452736,9,671,408,94,8,5,4,3,731,1,2,4556,2299,50.460930640913,2825,1421,50.300884955752,1731,878,50.722125938764,5560,58,472,73,3,3,6.8320754716981,3047,6411,7070,13340,66,52,35,787,182,141,655,672,390,6,7,14,383,318,1073,2374,78,1,427,112,279,148,167,148,112,580,4626,9513,7988,16846,60,14,38,0
2019,2019-2020,Newcastle United,38,58,2,29,399,0,1,1,14,34,4,225,174,7,12,19,55,44,36,133,149,117,400,674,151,11,22,1,21,38.631578947368,13066,9839,75.302311342415,6257,5336,85.280485855841,7400,4632,62.594594594595,1602,703,43.882646691635,591,129,21.827411167513,11,603,391,140,13,6,2,2,934,5,0,4216,2159,51.209677419355,2669,1407,52.716373173473,1547,752,48.610213316096,5182,75,370,66,0,3,6.7843100189036,4892,10645,7870,18324,91,68,60,572,252,191,868,632,359,4,3,13,341,444,1064,2052,52,2,566,155,367,199,211,200,155,562,6543,13795,8649,21576,56,444,38,0
2019,2019-2020,Crystal Palace,31,50,2,20,376,3,3,2,15,25,4,252,124,3,9,17,40,32,26,120,154,102,432,698,177,8,15,1,15,44.552631578947,14688,11232,76.470588235294,6772,5824,86.001181334908,8504,5547,65.228127939793,1437,630,43.84133611691,588,139,23.639455782313,10,686,444,126,6,12,1,0,802,2,0,4694,2368,50.447379633575,3116,1579,50.673940949936,1578,789,50.0,5555,53,424,62,0,2,6.7908023483366,3901,8168,7089,15059,81,57,49,678,235,198,843,711,395,3,11,12,449,384,1142,2258,31,5,512,137,332,180,201,174,137,745,5492,11294,8014,18465,85,453,38,0
2019,2019-2020,Brighton & Hove Albion,39,54,2,24,462,1,2,2,11,31,4,292,170,7,8,20,62,48,48,143,190,129,335,584,178,8,13,2,11,52.342105263158,18188,14734,81.009456784693,9038,7990,88.404514273069,9839,6893,70.05793271674,1702,833,48.942420681551,689,149,21.625544267054,9,641,419,117,3,12,2,2,704,3,4,3985,1991,49.962358845671,2685,1281,47.709497206704,1300,710,54.615384615385,5501,71,386,58,1,2,6.8131578947368,3236,6631,6834,13309,84,70,60,692,204,156,676,642,397,5,11,17,428,378,974,2243,70,1,498,140,345,153,187,171,140,648,4719,9645,7728,16697,61,433,38,0
2019,2019-2020,West Ham United,49,62,3,36,417,4,4,1,13,44,5,287,130,6,18,24,68,54,43,163,160,94,397,663,190,9,25,3,23,43.947368421053,15101,11487,76.067810078803,6024,5030,83.499335989376,9814,6635,67.607499490524,1622,734,45.252774352651,737,178,24.15196743555,7,696,421,129,9,7,6,5,752,2,3,4493,2293,51.034943245048,2808,1424,50.712250712251,1685,869,51.572700296736,5550,66,387,63,1,1,6.8056420233463,3930,8280,8208,16301,103,83,66,651,219,187,770,745,445,2,8,14,392,389,999,2116,99,0,501,118,346,155,194,189,118,586,5526,11451,9104,19785,45,435,38,0
2019,2019-2020,Aston Villa,41,67,1,31,457,1,3,1,21,36,4,289,168,3,14,23,61,46,39,150,185,122,352,569,200,10,16,1,15,43.868421052632,13835,10642,76.920852909288,6112,5264,86.125654450262,8521,5557,65.215350310996,1650,764,46.30303030303,798,179,22.431077694236,7,523,423,116,10,16,6,5,840,4,2,4182,2105,50.334768053563,2701,1381,51.129211403184,1481,724,48.885887913572,5165,62,451,69,1,1,6.7933586337761,4428,8591,6664,15062,101,68,66,734,242,193,857,597,374,5,9,15,346,458,1139,2270,43,7,608,185,399,209,237,186,185,530,6059,11738,7501,18382,84,573,38,0
2019,2019-2020,AFC Bournemouth,40,65,0,24,389,4,4,3,21,34,4,249,140,5,12,21,62,44,36,122,147,120,325,602,194,10,15,2,14,43.842105263158,14694,11085,75.438954675378,6834,5871,85.908691834943,8506,5341,62.790971079238,1424,615,43.188202247191,646,127,19.659442724458,5,507,475,131,6,10,6,5,926,3,4,4214,2011,47.721879449454,2565,1211,47.212475633528,1649,800,48.514251061249,5654,67,369,76,2,3,6.7554263565891,3971,8277,7549,15657,82,59,43,778,251,169,812,567,360,4,11,12,402,416,1112,2455,71,3,559,162,338,221,200,197,162,661,5585,11573,8553,19314,67,13,38,0
2019,2019-2020,Watford,36,64,3,21,424,7,8,0,18,35,0,285,139,2,6,27,68,45,41,122,172,130,321,576,167,7,18,3,16,42.447368421053,14067,10345,73.540911352812,5648,4799,84.968130311615,9103,5696,62.572778204987,1371,588,42.888402625821,684,150,21.929824561404,9,657,424,117,2,2,9,8,822,5,1,4461,2144,48.060972876037,2805,1311,46.737967914438,1656,833,50.30193236715,5740,68,481,78,2,3,6.7241379310345,3796,8373,7774,15997,84,59,48,784,201,150,746,715,446,10,15,16,386,354,1033,2304,81,1,496,132,316,180,181,183,132,603,5377,11514,8926,19694,65,454,38,0
2019,2019-2020,Norwich City,26,75,3,18,409,2,2,0,16,23,2,245,164,1,7,17,43,34,31,131,155,123,427,706,162,16,9,0,9,49.394736842105,17362,13972,80.474599700495,9099,7935,87.20738542697,8736,6134,70.215201465201,1448,632,43.646408839779,473,97,20.507399577167,5,628,397,140,7,13,7,4,891,5,1,4137,2003,48.41672709693,2914,1466,50.308853809197,1223,537,43.908421913328,5239,50,363,68,0,3,6.7005671077505,4456,8508,6053,14346,89,64,45,555,266,215,893,700,433,6,7,13,430,451,1157,2229,39,2,607,173,407,200,219,215,173,684,6073,11690,6842,17639,57,431,38,0
2018,2018-2019,Manchester City,95,23,0,72,683,3,4,2,21,76,15,252,153,12,38,39,123,101,70,260,229,194,437,734,298,21,26,5,21,68.342105263158,26581,23653,88.984613069486,9929,9307,93.735522207674,17435,14500,83.166045311156,1537,974,63.370201691607,783,154,19.667943805875,20,518,362,58,2,13,4,4,543,2,0,3594,1797,50.0,2515,1250,49.701789264414,1079,547,50.695088044486,4981,98,328,44,0,1,7.1669960474308,1746,3991,5353,9267,39,27,25,1062,82,77,359,468,274,12,15,3,448,181,957,2275,62,2,238,61,83,58,94,83,61,688,2989,6433,6345,12419,54,957,38,0
2018,2018-2019,Liverpool,89,22,0,55,575,7,7,1,20,81,5,219,103,19,35,32,108,78,54,226,208,141,356,620,249,19,29,6,24,62.289473684211,23638,19962,84.448768931382,10324,9473,91.757070902751,14035,10662,75.967224795155,1862,984,52.846401718582,721,173,23.994452149792,21,610,314,76,4,12,1,0,639,1,2,3784,1908,50.422832980973,2580,1298,50.31007751938,1204,610,50.664451827243,5798,77,315,39,2,2,7.0923379174853,2216,4822,6047,10767,41,31,30,1064,126,102,472,554,304,9,12,8,499,223,961,2384,124,1,307,82,118,60,128,97,82,688,3657,7818,6989,14335,48,1227,38,0
2018,2018-2019,Chelsea,63,39,0,52,607,5,5,0,30,53,8,220,137,8,19,34,94,80,60,198,210,199,451,705,215,21,15,1,14,63.5,25070,21957,87.582768248903,10600,9712,91.622641509434,15162,12378,81.638306292046,1422,890,62.587904360056,692,133,19.219653179191,16,618,351,85,3,13,2,1,593,3,2,3859,2016,52.241513345426,2809,1484,52.830188679245,1050,532,50.666666666667,5126,83,339,49,0,0,7.0432637571157,2546,5381,5954,11204,58,46,37,922,141,131,511,543,301,6,15,8,567,258,1141,2415,77,0,349,72,128,81,150,127,72,712,3876,8073,6767,14329,63,3857,38,0
2018,2018-2019,Tottenham Hotspur,67,39,3,47,537,4,4,2,23,52,14,175,147,14,15,37,87,64,52,189,206,142,369,671,194,13,28,5,23,59.421052631579,21295,17714,83.183845973233,9801,8802,89.807162534435,12137,9078,74.796078108264,1715,863,50.320699708455,643,166,25.816485225505,13,626,326,121,6,14,5,3,770,4,3,3893,1957,50.269714872849,2665,1348,50.581613508443,1228,609,49.592833876221,5573,74,376,57,1,3,6.9507874015748,2776,5725,5354,10918,65,50,42,861,187,161,663,577,310,11,22,15,504,344,1222,2533,107,2,461,109,162,81,192,160,109,653,4262,8719,6237,14293,61,3680,38,0
2018,2018-2019,Arsenal,73,51,1,52,467,4,5,3,11,58,11,183,70,5,20,43,89,72,50,170,169,128,304,536,209,8,21,3,18,58.447368421053,20805,17332,83.306897380437,9879,8867,89.756048183014,11531,8591,74.503512271269,1521,850,55.884286653517,605,126,20.826446280992,8,609,412,133,12,16,7,7,762,3,2,3894,1924,49.409347714432,2685,1359,50.614525139665,1209,565,46.732837055418,5378,89,412,73,1,2,6.8930056710775,2984,6156,5411,11424,86,61,52,764,184,143,627,537,307,11,17,16,525,371,1026,2236,94,2,499,122,184,115,192,185,122,641,4484,9123,6224,14720,76,2520,38,0
2018,2018-2019,Manchester United,65,54,3,40,526,9,12,2,27,55,10,184,135,4,14,46,98,65,61,225,171,130,321,553,200,9,21,4,17,54.789473684211,19202,15796,82.262264347464,8310,7455,89.71119133574,11530,8469,73.451864700781,1572,878,55.852417302799,638,128,20.062695924765,7,581,355,122,8,18,6,6,785,2,2,3907,1986,50.831840286665,2651,1289,48.623161071294,1256,697,55.493630573248,5343,90,433,75,2,4,6.8686538461538,3431,6988,5663,12497,68,53,37,845,186,154,662,544,304,7,14,7,442,372,884,2164,72,1,496,128,160,107,195,173,128,655,4980,10047,6493,15878,67,2437,38,0
2018,2018-2019,Wolverhampton,47,46,4,35,477,4,4,2,12,43,3,171,76,10,10,25,79,63,47,152,207,118,331,596,195,14,32,5,27,46.710526315789,16618,12990,78.168251293778,7604,6535,85.941609679116,9636,6612,68.617683686177,1934,993,51.34436401241,622,157,25.24115755627,9,720,501,100,3,20,4,3,824,3,2,4407,2179,49.444066258226,2786,1360,48.815506101938,1621,819,50.524367674275,5540,73,409,72,0,1,6.8618955512573,3773,8596,7332,15795,53,37,32,762,190,133,654,665,381,9,15,14,387,313,1020,2256,48,4,463,151,144,115,168,144,151,666,5515,11961,8067,19374,76,3763,38,0
2018,2018-2019,Everton,54,46,2,34,498,2,5,2,20,44,9,200,83,13,13,27,78,52,50,169,189,140,324,584,215,16,14,2,12,51.684210526316,16496,12754,77.315712900097,7115,6160,86.5776528461,10195,6797,66.669936243257,1536,748,48.697916666667,814,203,24.938574938575,14,702,454,94,7,14,5,2,824,1,3,4630,2314,49.978401727862,2841,1423,50.08799718409,1789,891,49.804359977641,6089,69,432,56,1,4,6.8439688715953,2824,5959,6340,12168,80,59,47,971,179,131,568,515,292,5,15,16,408,294,1076,2510,85,2,403,92,151,84,174,137,92,725,4581,9225,7310,15967,76,3221,38,0
2018,2018-2019,Leicester City,51,48,0,34,515,5,7,3,19,40,8,174,135,9,11,28,74,59,46,184,198,133,393,666,210,10,29,8,21,51.026315789474,17219,13639,79.209013299262,7556,6598,87.321334039174,10442,7208,69.028921662517,1609,817,50.77688004972,779,167,21.437740693196,10,676,436,90,4,20,5,5,945,1,4,4211,2257,53.597720256471,2704,1440,53.254437869822,1507,817,54.213669542137,5724,72,351,60,3,5,6.8636893203884,3341,7262,6006,13130,58,43,33,847,202,138,698,548,311,6,13,13,478,302,1001,2249,88,6,426,101,144,91,186,139,101,630,4997,10546,6905,16753,70,3296,38,0
2018,2018-2019,West Ham United,52,55,1,33,441,5,5,0,17,46,5,157,106,10,16,24,63,48,33,157,170,114,389,668,188,13,22,3,19,48.578947368421,16356,12864,78.650036683786,6642,5799,87.308039747064,10344,7217,69.769914926527,1454,780,53.645116918845,630,152,24.126984126984,7,723,457,148,5,11,5,4,857,2,4,4146,2136,51.519536903039,2864,1489,51.990223463687,1282,647,50.468018720749,5477,71,331,59,0,1,6.8451612903226,3713,8201,6334,14375,98,82,66,747,207,160,711,697,402,6,10,13,410,391,993,2088,125,1,528,143,217,113,185,200,143,669,5377,11364,7115,17768,58,1441,38,0
2018,2018-2019,Watford,52,59,3,39,437,1,1,0,22,43,8,151,80,8,9,34,80,62,54,152,157,128,293,541,177,9,16,3,15,46.710526315789,15465,11772,76.120271580989,6449,5590,86.680105442704,9586,6287,65.585228458168,1438,664,46.175243393602,570,105,18.421052631579,7,654,425,127,7,11,5,4,957,3,7,4335,2082,48.0276816609,2750,1309,47.6,1585,773,48.769716088328,5755,89,433,78,1,4,6.7726377952756,3718,8012,6372,14190,101,69,63,961,210,194,741,622,365,8,9,16,450,354,1150,2384,115,3,491,120,205,108,188,183,120,670,5325,11183,7376,17818,50,1931,38,0
2018,2018-2019,Crystal Palace,51,53,1,33,493,10,11,1,16,40,8,201,102,5,14,29,63,39,38,148,206,139,377,667,205,15,20,2,18,45.052631578947,15243,11708,76.809027094404,6529,5597,85.725225915148,9291,6249,67.258637391024,1462,666,45.554035567715,577,138,23.916811091854,12,730,446,113,5,12,5,4,940,1,2,4331,2179,50.311706303394,2922,1490,50.992470910335,1409,689,48.899929027679,5591,78,386,59,1,2,6.8613360323887,4328,9193,6744,15724,73,55,48,830,216,213,840,589,310,4,10,13,425,390,1273,2316,61,2,525,145,198,141,216,164,145,762,6035,12444,7565,19169,62,1815,38,0
2018,2018-2019,Newcastle United,42,48,1,33,446,1,3,1,16,39,2,162,103,12,12,17,53,39,32,142,186,118,237,445,181,14,13,1,12,40.052631578947,13490,9830,72.868791697554,5935,5042,84.953664700927,8266,4958,59.98064360029,1922,839,43.652445369407,711,170,23.909985935302,11,714,506,95,5,11,6,6,1120,6,3,4328,2070,47.828096118299,2600,1265,48.653846153846,1728,805,46.585648148148,5713,59,423,57,0,2,6.8196881091618,4237,9816,7626,17241,83,67,56,866,231,201,834,568,325,3,15,8,349,352,1152,2287,63,1,489,137,179,73,205,147,137,610,6011,13298,8576,21040,58,1135,38,0
2018,2018-2019,AFC Bournemouth,56,70,3,43,446,7,9,0,16,49,6,167,85,11,14,29,95,77,57,163,175,108,291,578,191,12,30,9,23,46.789473684211,15943,12459,78.147149219093,7540,6566,87.082228116711,9016,6061,67.224933451642,1376,590,42.877906976744,613,168,27.406199021207,10,526,371,110,10,11,5,5,1019,4,5,3941,1960,49.733570159858,2467,1244,50.425618159708,1474,716,48.575305291723,5432,57,340,60,0,1,6.8062992125984,4154,8510,6793,15158,86,60,44,781,225,145,753,493,276,3,11,14,424,389,1155,2457,84,9,521,153,162,119,191,177,153,642,5881,11842,7585,18674,90,3742,38,0
2018,2018-2019,Burnley,45,68,4,32,360,2,2,0,14,41,2,160,57,13,11,18,66,49,41,116,155,89,206,369,140,12,10,1,9,40.736842105263,13010,9142,70.269023827825,4962,4149,83.615477629988,8741,5160,59.032147351562,1903,796,41.828691539674,693,167,24.098124098124,8,583,365,140,5,14,3,2,1081,11,5,4307,2159,50.127699094497,2217,1111,50.112764997745,2090,1048,50.143540669856,5699,106,360,75,0,1,6.7822937625755,4055,8124,7605,15535,88,65,57,893,245,194,809,537,302,5,6,17,307,504,1143,2610,46,3,652,217,185,122,225,210,217,478,5755,11541,8674,19406,58,972,38,0
2018,2018-2019,Southampton,45,65,3,27,483,4,5,3,20,31,13,170,114,4,6,33,75,48,50,162,183,138,285,504,193,13,13,1,12,43.289473684211,14297,10576,73.973560886899,5360,4503,84.011194029851,9601,6235,64.941151963337,1654,669,40.447400241838,664,162,24.397590361446,7,699,548,114,10,8,3,2,1068,4,4,4332,2090,48.245614035088,2671,1317,49.307375514788,1661,773,46.538229981939,5675,61,420,73,2,3,6.777281553398,3622,7847,7403,15081,79,61,43,825,214,169,710,648,368,9,14,13,376,385,1129,2458,88,1,522,154,207,142,189,179,154,597,5337,11292,8521,19103,62,2774,38,0
2018,2018-2019,Brighton & Hove Albion,35,60,0,24,371,5,6,0,12,34,1,129,92,10,8,17,46,34,23,108,174,89,272,520,156,6,13,4,11,41.894736842105,14109,10554,74.803317031682,6472,5491,84.84239802225,8273,5248,63.43527136468,1745,789,45.214899713467,636,185,29.088050314465,7,681,463,111,5,12,10,10,921,6,4,4202,2078,49.452641599238,2570,1242,48.326848249027,1632,836,51.225490196078,5558,90,463,61,1,4,6.746862745098,4452,9475,7376,16690,71,47,36,671,216,161,725,584,320,5,8,19,398,428,940,2167,37,2,583,173,184,121,234,176,173,583,6173,12750,8155,20180,52,3660,38,0
2018,2018-2019,Cardiff City,34,69,0,20,417,3,4,0,13,28,5,124,96,4,6,23,51,32,32,126,179,112,260,475,168,14,9,0,9,34.815789473684,10226,6530,63.856835517309,3169,2437,76.901230672136,7619,4240,55.650347814674,1397,526,37.65211166786,562,147,26.156583629893,10,655,528,141,8,10,7,4,978,5,3,4510,2271,50.354767184035,2546,1290,50.667714061273,1964,981,49.949083503055,5677,77,374,66,0,1,6.7285163776493,4087,8834,7796,16469,94,66,59,950,270,161,662,607,366,3,12,16,314,440,974,2124,36,3,571,148,207,132,211,212,148,546,5765,12136,8819,20293,49,2119,38,0
2018,2018-2019,Fulham,34,81,2,24,454,2,3,0,10,29,4,159,113,7,4,22,67,48,45,146,192,116,355,572,161,13,12,2,10,48.763157894737,17699,14212,80.298321939093,8301,7321,88.194193470666,10009,7034,70.276750924168,1608,749,46.57960199005,611,143,23.404255319149,5,591,433,147,12,16,7,5,971,1,0,4154,2030,48.868560423688,2671,1279,47.884687383003,1483,751,50.640593391773,5562,90,423,70,2,2,6.7232245681382,3844,8035,7202,15043,103,76,57,704,226,194,808,525,301,5,13,18,448,427,1251,2482,79,0,587,153,246,112,207,227,153,700,5579,11402,8008,18602,43,1457,38,0
2018,2018-2019,Huddersfield Town,22,76,1,13,400,1,1,1,15,16,5,119,89,7,8,6,34,26,23,118,168,114,231,443,162,11,14,1,13,47.105263157895,15902,12051,75.782920387373,7060,6077,86.076487252125,9611,6142,63.905941109146,1691,802,47.42755765819,769,168,21.84655396619,5,710,530,114,10,5,8,7,658,5,1,4335,2157,49.757785467128,2652,1296,48.868778280543,1683,861,51.158645276292,5963,63,420,56,1,4,6.6740740740741,3599,8199,6770,14819,99,81,54,929,170,150,526,626,363,4,15,16,424,409,1058,2282,75,2,522,129,213,101,202,191,129,611,5164,11263,7806,18543,66,2558,38,0
2017,2017-2018,Manchester City,106,27,2,85,665,6,8,1,30,90,13,0,0,12,43,48,91,95,63,265,247,153,503,732,284,23,16,4,5,71.736842105263,28241,25142,89.026592542757,11184,10473,93.642703862661,17748,14812,83.457290962362,1481,919,62.052667116813,691,143,20.694645441389,18,563,346,62,6,13,2,0,588,2,2,3677,1934,52.597225999456,2723,1408,51.707675358061,954,526,55.136268343816,5054,67,344,61,2,2,7.2021484375,1574,3384,4356,7658,31,27,24,918,103,82,364,562,366,8,16,9,598,163,837,2266,97,3,236,52,0,0,96,88,52,635,2985,6064,5191,10891,77,1190,38,0
2017,2017-2018,Manchester United,68,28,2,53,512,1,3,2,21,55,12,0,0,12,19,36,53,60,42,178,166,168,466,736,220,16,12,4,3,54.789473684211,20064,16765,83.557615629984,8381,7693,91.790955733206,12436,9220,74.139594724992,1634,880,53.855569155447,753,148,19.654714475432,19,564,481,118,4,16,1,1,853,4,0,4005,2069,51.660424469413,2864,1439,50.244413407821,1141,630,55.21472392638,5372,88,405,64,0,1,7.0373540856031,3370,6887,6092,12839,46,46,39,982,175,140,642,556,383,6,9,10,438,343,893,2145,52,1,436,116,0,0,173,147,116,669,5070,10043,6850,16251,69,2685,38,0
2017,2017-2018,Tottenham Hotspur,74,36,1,51,623,2,3,0,28,60,10,0,0,10,28,31,82,76,49,216,225,182,436,719,246,13,26,8,10,62.131578947368,21660,18153,83.808864265928,8577,7818,91.150752011193,13908,10496,75.467356916882,1966,1127,57.324516785351,825,161,19.515151515152,16,618,380,93,9,13,3,2,825,1,3,4072,2053,50.417485265226,2857,1433,50.157507875394,1215,620,51.028806584362,5792,88,384,51,1,2,7.0379647749511,2191,4541,5040,9446,42,32,31,1092,161,135,596,538,325,12,21,14,531,252,1118,2637,113,1,356,74,0,0,157,125,74,743,3793,7670,5972,13046,75,2661,38,0
2017,2017-2018,Liverpool,84,38,0,58,638,2,3,2,22,73,9,0,0,12,34,36,83,78,61,233,229,176,440,647,230,15,26,9,8,60.710526315789,22962,19232,83.755770403275,9896,9078,91.734033953112,13830,10323,74.642082429501,1893,1027,54.252509244585,764,169,22.120418848168,17,635,380,67,4,8,6,4,732,2,4,3915,1960,50.063856960409,2666,1367,51.275318829707,1249,593,47.477982385909,5844,70,344,44,0,1,7.0928853754941,2252,5095,5960,10959,41,40,30,1034,125,96,505,520,326,14,25,7,505,203,1020,2583,97,0,282,69,0,0,107,106,69,653,3951,8405,6879,14779,50,3182,38,0
2017,2017-2018,Chelsea,62,38,2,43,606,3,3,2,20,50,10,0,0,17,16,27,59,60,48,220,213,173,513,734,230,11,12,1,8,55.631578947368,21264,17923,84.287998495109,9439,8534,90.412119927958,12580,9550,75.914149443561,1622,925,57.028360049322,755,161,21.324503311258,16,635,425,83,5,19,2,2,768,2,1,3976,2155,54.200201207243,2841,1542,54.276663146779,1135,613,54.008810572687,5374,108,363,44,2,4,7.0689189189189,3285,7327,6574,13769,37,30,21,914,159,132,626,550,341,8,10,6,552,281,1139,2409,55,1,377,111,0,0,147,119,111,634,4932,10384,7320,17078,75,1862,38,0
2017,2017-2018,Arsenal,74,51,0,59,594,4,5,0,30,67,6,0,0,13,21,39,87,81,57,234,198,162,383,547,225,17,12,0,7,61.894736842105,23524,19821,84.258629484781,9436,8502,90.101738024587,14660,11439,78.028649386085,1474,839,56.919945725916,572,120,20.979020979021,13,623,427,100,15,18,6,5,829,3,5,3974,2013,50.654252642174,2654,1366,51.469480030143,1320,647,49.015151515152,5493,89,383,57,0,2,7.0335282651072,2687,5655,5427,10927,60,50,38,1028,180,155,666,581,363,4,11,18,584,307,980,2350,78,4,423,103,0,0,171,149,103,576,4331,8768,6183,14285,52,1056,38,0
2017,2017-2018,Burnley,36,39,1,26,378,0,0,1,16,31,4,0,0,10,6,19,35,31,21,128,151,99,217,344,167,9,4,0,1,43.657894736842,13574,9570,70.502431118314,5332,4572,85.746436609152,8947,5180,57.896501620655,1918,810,42.231491136601,705,182,25.815602836879,12,533,401,121,3,5,5,3,1179,4,2,4190,2079,49.618138424821,2255,1127,49.977827050998,1935,952,49.198966408269,5819,100,350,65,0,0,6.8775757575758,3823,7688,6670,14181,52,44,41,1065,240,177,876,553,349,3,11,10,340,445,1176,2757,54,6,569,192,0,0,214,163,192,471,5647,11364,7650,18138,45,824,38,0
2017,2017-2018,Everton,44,58,0,27,359,5,8,0,8,34,8,0,0,8,8,25,50,41,36,121,152,86,264,461,150,6,8,2,3,45.5,14745,10959,74.323499491353,6036,5275,87.392312789927,9338,5839,62.529449560934,1747,758,43.38866628506,629,155,24.642289348172,10,644,519,121,8,14,5,3,1228,6,0,4294,2031,47.298556124825,2652,1258,47.435897435897,1642,773,47.076735688185,5771,82,460,53,2,3,6.7944444444444,4059,7979,6451,14275,59,55,37,884,212,155,802,612,389,8,11,15,409,391,1158,2566,59,5,541,160,0,0,197,184,160,578,5957,11547,7415,18160,49,2901,38,0
2017,2017-2018,Leicester City,56,60,2,38,423,5,6,1,11,46,7,0,0,9,19,24,55,48,36,149,158,116,420,713,203,8,24,7,12,48.026315789474,15196,11346,74.66438536457,6444,5514,85.567970204842,9497,5972,62.883015689165,1741,817,46.927053417576,745,140,18.791946308725,9,627,414,107,5,11,4,2,919,4,1,4357,2191,50.286894652284,2800,1395,49.821428571429,1557,796,51.123956326268,6019,92,364,56,4,5,6.8003898635478,3779,7487,5849,13180,60,54,40,995,216,156,753,613,405,8,10,8,406,382,1062,2378,79,1,489,131,0,0,190,168,131,654,5566,10894,6749,16890,52,1471,38,0
2017,2017-2018,Newcastle United,39,47,3,29,451,0,1,1,21,33,5,0,0,7,10,21,47,48,33,149,179,123,303,533,167,12,15,4,11,41.736842105263,14033,10148,72.315256894463,5933,5037,84.8980279791,8715,5247,60.206540447504,1762,710,40.295119182747,615,136,22.113821138211,9,641,443,105,5,12,6,4,1123,7,6,4557,2192,48.101821373711,2719,1294,47.591026112541,1838,898,48.857453754081,5817,63,409,53,1,2,6.8053639846743,4086,8776,7490,16084,65,57,51,987,223,182,805,636,413,8,17,11,382,360,1358,2724,79,0,478,117,0,0,206,155,117,635,6042,12482,8334,20011,62,1260,38,0
2017,2017-2018,Crystal Palace,45,55,2,26,476,8,10,1,20,38,6,0,0,4,13,27,72,52,52,151,192,133,478,716,210,8,18,3,10,45.052631578947,14360,10829,75.410863509749,5623,4806,85.470389471812,9441,6195,65.618048935494,1566,658,42.017879948914,704,172,24.431818181818,9,686,556,122,8,14,2,2,1022,6,5,4562,2321,50.876808417361,3073,1552,50.504393101204,1489,769,51.645399597045,5738,56,425,72,0,0,6.8832298136646,3884,7863,6726,14420,58,60,44,947,209,169,793,661,405,1,23,6,409,338,1266,2426,76,3,466,118,0,0,172,176,118,719,5758,11328,7576,18111,72,1550,38,0
2017,2017-2018,AFC Bournemouth,45,61,1,36,465,3,3,1,15,38,7,0,0,4,12,28,38,36,24,158,174,133,341,638,218,10,2,0,1,48.105263157895,16129,12428,77.053754107508,7216,6196,85.864745011086,9620,6392,66.444906444906,1599,756,47.279549718574,707,160,22.630834512023,6,508,367,111,11,14,3,2,1038,6,3,4068,1958,48.131760078663,2585,1237,47.852998065764,1483,721,48.617666891436,5870,52,339,56,1,1,6.8205426356589,3827,7734,6443,13993,66,61,45,896,212,184,807,524,327,7,6,11,553,401,1295,2833,122,1,548,160,0,0,211,177,160,713,5737,11340,7242,17775,73,3346,38,0
2017,2017-2018,West Ham United,48,68,1,33,372,2,4,1,17,39,9,0,0,6,12,29,37,34,27,133,144,95,423,641,161,14,10,4,3,44.684210526316,14369,10852,75.52369684738,5851,5082,86.856947530337,9250,5913,63.924324324324,1610,750,46.583850931677,732,143,19.535519125683,10,621,482,122,7,10,6,5,1007,3,2,4371,2237,51.178220086937,2820,1484,52.624113475177,1551,753,48.549323017408,5612,97,379,74,1,2,6.8376237623762,4226,8739,6300,14858,50,49,31,971,208,181,753,621,385,11,7,18,370,426,1039,2262,54,1,563,157,0,0,216,190,157,606,6058,12121,7048,18416,55,3429,38,0
2017,2017-2018,Watford,44,64,1,27,440,3,6,0,10,36,6,0,0,9,7,25,49,41,36,132,193,115,332,565,183,7,6,1,5,49.763157894737,15654,11825,75.539798134662,6358,5439,85.545769109783,10009,6540,65.341192926366,1587,733,46.187775677379,713,154,21.598877980365,9,668,467,95,8,9,6,6,953,4,2,4547,2224,48.911370134154,2785,1366,49.048473967684,1762,858,48.694665153235,6030,74,441,64,1,4,6.7851637764933,2971,6290,6338,12473,57,57,36,1111,198,155,676,610,372,4,14,12,439,301,1163,2522,117,3,413,98,0,0,155,160,98,643,4684,9639,7241,16204,66,1793,38,0
2017,2017-2018,Brighton & Hove Albion,34,54,5,25,383,5,7,0,4,29,4,0,0,7,6,20,45,39,29,118,166,99,299,487,163,8,2,0,1,43.210526315789,14675,10996,74.930153321976,6816,5832,85.56338028169,8540,5308,62.154566744731,1866,924,49.51768488746,681,144,21.145374449339,10,598,450,124,4,14,3,1,1084,9,1,4052,1962,48.420533070089,2452,1156,47.145187601958,1600,806,50.375,5554,98,413,54,0,2,6.82278978389,4404,9365,6929,16132,46,39,34,771,228,162,800,640,437,6,8,14,385,397,1023,2298,51,2,555,187,0,0,187,181,187,483,6245,12842,7685,19727,30,1350,38,0
2017,2017-2018,Huddersfield Town,28,58,1,19,362,2,2,0,14,24,1,0,0,5,8,11,27,29,21,109,143,110,276,491,165,8,10,2,4,45.631578947368,14957,11073,74.032225713713,6452,5511,85.415375077495,9270,5697,61.456310679612,1590,654,41.132075471698,765,135,17.647058823529,10,744,520,103,10,12,6,4,1071,6,3,4366,2171,49.725148877691,2744,1364,49.708454810496,1622,807,49.753390875462,6033,67,397,64,2,3,6.7491329479769,3509,8198,6885,14932,65,60,48,986,209,151,637,630,381,7,8,14,444,316,1169,2525,118,4,439,114,0,0,161,164,114,631,5485,11759,7809,18931,56,1798,38,0
2017,2017-2018,Southampton,37,56,0,23,450,3,3,1,11,33,3,0,0,7,16,13,45,46,37,145,192,113,379,530,227,15,9,2,5,51.526315789474,17178,13310,77.48282687158,7034,6175,87.787887404038,10945,7308,66.770214709913,1827,765,41.871921182266,801,173,21.598002496879,8,657,460,110,11,14,2,1,952,4,3,4217,2097,49.727294285037,2683,1398,52.105851658591,1534,699,45.567144719687,5786,73,416,64,1,2,6.8431297709924,3736,7406,5404,12663,52,46,30,996,201,147,718,605,359,4,15,8,420,372,1089,2417,46,2,492,131,0,0,192,169,131,530,5526,10764,6317,16363,51,3455,38,0
2017,2017-2018,Swansea City,28,56,2,19,338,1,1,0,15,23,4,0,0,3,7,16,38,25,26,103,135,100,317,521,150,8,6,0,4,45.052631578947,15718,12287,78.171523094541,7202,6351,88.183837822827,9210,6078,65.99348534202,1721,816,47.414294015107,694,142,20.461095100865,9,609,394,137,5,15,6,3,942,1,2,4110,2012,48.953771289538,2620,1311,50.038167938931,1490,701,47.046979865772,5416,38,377,51,0,1,6.7642857142857,4457,9571,7306,16702,64,63,47,883,195,175,789,551,329,5,5,17,401,403,1160,2379,79,0,539,130,0,0,218,191,130,643,6181,12805,8038,20054,68,3452,38,0
2017,2017-2018,Stoke City,35,68,2,29,384,0,3,1,11,27,7,0,0,8,13,13,37,43,30,132,159,93,326,506,136,8,15,2,9,40.973684210526,12893,9223,71.534941441092,4980,4232,84.979919678715,8512,5135,60.326597744361,1443,648,44.906444906445,599,144,24.040066777963,6,673,460,152,6,14,5,5,1162,3,8,4485,2344,52.263099219621,2706,1359,50.221729490022,1779,985,55.368184373243,5642,87,436,62,0,1,6.8173913043478,3941,8305,7245,15368,69,74,54,855,281,182,844,595,372,7,10,8,331,426,1061,2407,90,0,579,147,0,0,213,219,147,582,5759,11796,8116,19068,49,3707,38,0
2017,2017-2018,West Bromwich Albion,31,56,2,24,378,1,1,1,15,29,2,0,0,10,7,13,39,33,26,114,176,88,319,524,176,7,7,2,2,40.184210526316,13215,9562,72.357169882709,5415,4537,83.785780240074,8584,5223,60.845759552656,1735,736,42.420749279539,784,198,25.255102040816,10,599,471,102,1,8,1,1,998,3,0,4306,2049,47.584765443567,2704,1246,46.079881656805,1602,803,50.124843945069,5764,79,440,73,0,1,6.7602316602317,4736,9577,7172,16585,49,52,33,958,176,164,782,627,408,4,16,7,346,386,1290,2573,52,1,516,150,0,0,209,157,150,648,6629,13025,7990,20233,56,3802,38,0
2016,2016-2017,Chelsea,85,33,1,57,580,2,4,3,35,71,12,0,0,8,24,51,30,48,30,204,220,156,506,762,218,17,24,7,0,54.921052631579,20125,16880,83.875776397516,8492,7662,90.226095148375,12321,9352,75.902929956984,1940,1132,58.350515463918,688,134,19.476744186047,16,652,510,69,5,9,2,2,839,3,0,4052,2145,52.936821322804,2961,1608,54.305977710233,1091,537,49.220898258478,1562,64,395,72,0,0,7.1111328125,3109,7291,6066,13236,16,20,16,899,160,121,641,527,305,12,13,5,569,223,1170,2459,66,4,323,77,0,0,143,103,77,690,4688,10384,6809,16552,84,1624,38,0
2016,2016-2017,Tottenham Hotspur,86,26,1,59,669,7,9,0,34,72,12,0,0,10,26,47,41,53,41,257,229,183,454,786,273,22,12,3,0,60.5,20150,16623,82.496277915633,8153,7331,89.917821660738,12758,9443,74.016303495846,2069,1236,59.739004349927,761,151,19.842312746386,17,661,314,85,7,18,2,2,1003,1,1,4163,2125,51.044919529186,3085,1554,50.372771474878,1078,571,52.968460111317,2265,74,432,62,0,0,7.088188976378,2424,4879,4613,9371,23,28,23,1070,136,121,579,539,314,9,14,7,620,252,1081,2703,108,3,348,99,0,0,138,111,99,816,4059,8133,5493,13047,90,3731,38,0
2016,2016-2017,Manchester City,80,39,1,52,633,7,9,2,26,68,7,0,0,8,27,40,48,76,48,216,251,166,504,767,280,20,17,6,0,64.868421052632,22706,19425,85.550074870078,9135,8348,91.384783798577,14372,11270,78.416365154467,1556,832,53.470437017995,801,193,24.094881398252,12,643,501,64,5,10,5,2,906,4,0,4174,2145,51.389554384284,3052,1560,51.114023591088,1122,585,52.139037433155,1894,89,395,71,0,4,7.0507874015748,2007,4361,4468,8706,20,26,20,958,131,123,518,644,410,12,21,5,616,206,1078,2601,89,1,300,66,0,0,128,106,66,721,3626,7426,5251,12159,92,1934,38,0
2016,2016-2017,Liverpool,78,42,0,55,640,7,8,3,14,64,13,0,0,12,15,50,33,50,33,236,213,191,415,710,249,17,9,2,0,61.921052631579,22283,18366,82.421576986941,8600,7822,90.953488372093,14495,10719,73.94963780614,1972,1032,52.332657200811,812,175,21.551724137931,12,718,410,73,10,10,5,3,883,0,2,4476,2155,48.145665773012,3021,1498,49.586229725257,1455,657,45.154639175258,1880,77,397,54,0,0,7.0285714285714,2228,5040,4879,9801,31,38,31,1184,133,118,556,648,400,7,14,9,581,202,1172,2708,102,1,311,69,0,0,127,115,69,767,3895,8265,5838,13547,72,2563,38,0
2016,2016-2017,Arsenal,77,44,1,54,566,4,6,2,16,66,7,0,0,17,17,38,43,55,41,201,203,162,456,684,227,17,9,2,0,58.631578947368,21394,17918,83.752453959054,7701,6914,89.780547980782,14390,11158,77.539958304378,1352,741,54.807692307692,697,154,22.094691535151,13,673,536,124,4,15,10,10,838,1,5,4131,2130,51.561365286855,2904,1498,51.584022038567,1227,632,51.507742461288,1943,95,398,68,0,3,7.0159309021113,3123,6241,5333,11388,29,34,28,1026,188,186,747,603,363,6,12,11,589,316,1093,2568,103,4,432,96,0,0,169,167,96,691,4790,9475,6122,14850,77,1045,38,0
2016,2016-2017,Manchester United,54,29,1,41,591,3,4,1,24,47,7,0,0,9,14,31,50,60,50,210,227,154,404,686,217,19,11,4,0,56.473684210526,20245,17048,84.208446530007,7716,7084,91.809227579057,13377,10167,76.003588248486,1714,952,55.542590431739,848,203,23.938679245283,17,690,582,85,3,7,5,4,1112,1,4,4143,2144,51.749939657253,3006,1523,50.665335994677,1137,621,54.617414248021,1745,99,496,79,1,2,7.069395711501,2993,6498,5627,11978,16,25,16,1028,148,147,614,604,363,7,12,7,544,267,1128,2523,48,4,360,103,0,0,143,114,103,672,4656,9676,6428,15490,71,2068,38,0
2016,2016-2017,Everton,62,44,1,46,502,3,4,2,19,55,3,0,0,13,20,25,28,51,27,191,180,131,402,645,196,11,9,2,1,52.052631578947,17584,13897,79.032074613285,7209,6417,89.013732833958,11142,7647,68.632202477114,2157,1105,51.228558182661,767,167,21.773142112125,13,714,461,96,4,13,5,3,1117,9,4,4384,2178,49.680656934307,3045,1512,49.655172413793,1339,666,49.738610903659,1793,82,459,73,1,2,6.968023255814,3556,7217,5583,12632,36,36,34,1029,215,168,763,653,393,5,5,18,542,318,1108,2446,48,2,447,143,0,0,156,148,143,711,5362,10673,6354,16264,58,2438,38,0
2016,2016-2017,Southampton,41,48,0,27,550,3,6,0,24,35,4,0,0,4,14,20,33,34,33,179,227,144,320,496,198,12,0,0,0,54.552631578947,18245,14687,80.498766785421,7538,6727,89.241178031308,11654,8169,70.096104341857,1645,810,49.240121580547,947,209,22.069693769799,14,675,514,76,3,10,9,6,914,4,1,4105,2037,49.622411693057,2754,1389,50.435729847495,1351,648,47.964470762398,1870,73,428,60,1,2,6.8930902111324,3320,7029,5106,11968,22,31,22,1053,190,167,672,559,332,5,18,7,541,325,1061,2490,42,2,437,126,0,0,183,128,126,631,5009,10297,5972,15597,67,1949,38,0
2016,2016-2017,AFC Bournemouth,55,67,5,36,452,7,10,0,25,49,4,0,0,5,16,31,31,42,31,160,174,118,428,696,193,19,8,2,0,51.342105263158,17152,13940,81.273320895522,7086,6289,88.752469658482,10694,7768,72.638862913783,1773,934,52.6790750141,628,117,18.630573248408,10,604,460,123,7,9,5,2,1092,3,1,4080,2040,50.0,2917,1491,51.114158381899,1163,549,47.205503009458,1594,53,368,54,2,3,6.8429672447014,3689,7447,5815,13076,37,54,37,861,205,186,777,608,385,4,12,12,577,419,1304,2604,84,3,552,150,0,0,215,187,150,706,5343,10572,6516,16311,86,2134,38,0
2016,2016-2017,West Bromwich Albion,43,51,1,34,399,1,1,1,11,37,6,0,0,16,11,16,24,36,24,123,174,102,307,490,159,11,11,3,0,37.263157894737,11825,8329,70.435517970402,4420,3653,82.647058823529,8171,4855,59.417451964264,1630,702,43.067484662577,766,179,23.368146214099,6,605,537,116,6,7,3,3,999,3,0,4022,1906,47.389358528095,2624,1231,46.913109756098,1398,675,48.283261802575,1740,58,449,80,0,0,6.7932170542636,4770,10014,7417,17237,31,46,31,1021,211,194,864,570,348,4,14,11,453,391,1410,2798,53,3,518,156,0,0,200,162,156,628,6574,13434,8175,20745,55,1642,38,0
2016,2016-2017,West Ham United,47,64,0,29,499,3,4,3,38,40,6,0,0,13,13,20,23,34,23,138,215,146,406,671,172,14,11,3,0,47.131578947368,15127,11834,78.230977721954,6304,5573,88.404187817259,9575,6445,67.310704960836,1741,855,49.109707064905,752,184,24.468085106383,10,574,614,117,11,12,8,5,1074,2,3,4155,2147,51.672683513839,2746,1420,51.711580480699,1409,727,51.596877217885,1851,74,408,82,4,5,6.8649606299213,3447,7374,6624,13841,44,57,44,878,183,157,720,569,336,6,14,16,406,365,1199,2546,74,1,505,115,0,0,209,181,115,631,5213,10706,7390,17376,83,1852,38,0
2016,2016-2017,Leicester City,48,63,2,33,433,4,6,1,15,37,9,0,0,10,13,23,29,42,29,145,165,123,303,578,197,8,21,4,0,42.0,13676,9588,70.10821877742,5093,4253,83.506774003534,9314,5476,58.793214515783,1713,631,36.835960303561,731,141,19.288645690834,9,678,535,131,2,8,4,4,1028,2,2,4476,2059,46.000893655049,2716,1292,47.569955817378,1760,767,43.579545454545,1869,65,451,72,0,1,6.7751445086705,4108,8435,7126,15359,27,37,27,1202,219,202,886,661,434,7,12,11,501,419,1350,2756,74,0,554,142,0,0,221,191,142,583,5870,12098,8044,19256,56,669,38,0
2016,2016-2017,Stoke City,41,56,5,23,425,4,6,2,15,32,5,0,0,7,12,17,40,46,40,137,172,116,366,598,188,14,1,0,0,46.263157894737,14558,10964,75.312542931721,5809,4991,85.918402478912,9467,6146,64.920249286997,1582,738,46.649810366625,718,173,24.094707520891,11,666,497,127,5,14,2,1,1009,5,3,4324,2249,52.012025901943,2843,1441,50.685895181147,1481,808,54.55773126266,1817,85,435,71,1,2,6.8626746506986,3591,7530,6288,13654,25,37,25,1038,253,164,758,597,362,4,10,17,488,408,1102,2463,81,2,538,161,0,0,196,181,161,646,5345,10825,7041,17108,80,3459,38,0
2016,2016-2017,Crystal Palace,50,63,0,34,439,4,7,0,22,46,2,0,0,13,11,24,27,41,27,138,188,113,393,657,203,8,2,0,0,45.315789473684,13542,9944,73.430807857037,5354,4571,85.375420246545,9060,5598,61.788079470199,1802,766,42.508324084351,872,225,25.802752293578,7,699,553,107,10,11,2,2,1022,7,4,4618,2371,51.342572542226,3107,1535,49.404570325072,1511,836,55.327597617472,1753,55,470,77,0,0,6.7870656370656,3947,7820,5478,13106,32,43,32,1219,223,192,813,634,386,6,3,9,381,381,1227,2619,54,1,517,123,0,0,217,177,123,760,5780,11269,6299,16755,71,1872,38,0
2016,2016-2017,Swansea City,45,70,5,32,405,3,3,2,21,40,5,0,0,14,15,15,25,36,25,145,169,91,316,533,196,10,5,1,0,47.921052631579,16131,12723,78.872977496745,7119,6287,88.312965304116,9876,6665,67.486836776023,1868,956,51.177730192719,864,229,26.50462962963,8,635,459,121,9,18,8,6,1037,1,1,4115,2028,49.283110571081,2770,1347,48.628158844765,1345,681,50.631970260223,1869,49,401,56,0,0,6.7841796875,3827,7869,7076,14781,44,64,44,978,186,164,743,632,394,6,9,12,523,391,1317,2607,84,1,519,138,0,0,196,185,138,663,5554,11160,7799,18216,65,2325,38,0
2016,2016-2017,Burnley,39,55,2,23,391,6,6,2,25,31,8,0,0,4,12,23,17,23,17,120,165,106,180,304,149,5,6,2,0,40.131578947368,12558,8521,67.853161331422,4749,4023,84.712571067593,8459,4672,55.231114788982,2034,877,43.117010816126,650,174,26.769230769231,10,638,539,151,2,17,5,4,1233,5,2,4263,2091,49.049964813512,2437,1179,48.3791546984,1826,912,49.945235487404,1864,101,429,66,1,2,6.837890625,4424,8523,7025,15359,25,36,25,1213,263,189,918,676,413,6,6,17,437,489,1339,2918,62,3,672,223,0,0,240,209,223,457,6214,12204,7902,19188,65,2939,38,0
2016,2016-2017,Watford,40,68,2,26,422,3,3,0,11,35,4,0,0,9,8,22,25,28,25,143,167,112,339,606,164,7,3,0,0,46.105263157895,14049,10397,74.00526727881,6124,5271,86.071195297191,8611,5288,61.409824642899,1740,771,44.310344827586,686,162,23.615160349854,7,618,512,121,7,13,4,3,1016,2,0,4331,2073,47.864234587855,2842,1346,47.361013370866,1489,727,48.824714573539,1722,61,517,87,3,5,6.7691860465116,3556,7146,6022,12992,26,46,26,1149,202,176,853,598,370,4,8,21,452,397,1084,2472,82,3,537,140,0,0,210,187,140,656,5295,10556,6895,16598,62,1544,38,0
2016,2016-2017,Hull City,37,80,5,25,397,3,3,2,24,32,4,0,0,4,15,17,17,22,17,126,183,88,262,419,179,10,15,3,0,45.736842105263,15596,12070,77.391638881765,7296,6446,88.349780701754,9039,5778,63.923000331895,1811,832,45.941468801767,739,154,20.838971583221,5,631,573,137,5,12,13,11,1101,5,3,3781,1837,48.585030415234,2552,1249,48.942006269592,1229,588,47.843775427177,1784,71,402,67,0,5,6.7561403508772,4573,9199,6625,15611,43,57,43,908,243,213,874,619,382,3,11,17,478,466,1220,2410,59,2,634,187,0,0,232,215,187,556,6373,12608,7265,18999,55,912,38,0
2016,2016-2017,Middlesbrough,27,53,0,21,351,2,2,0,15,25,1,0,0,8,11,7,19,27,19,100,150,101,398,611,141,6,7,3,0,47.184210526316,15736,12166,77.313167259786,7243,6318,87.229048736711,9215,6009,65.208898534997,1872,948,50.641025641026,722,161,22.299168975069,11,727,549,117,6,7,5,4,1090,3,4,4475,2264,50.59217877095,2935,1490,50.76660988075,1540,774,50.25974025974,1768,51,482,78,1,1,6.8304780876494,4101,8427,6142,14363,33,46,33,833,220,206,848,706,441,1,13,21,459,416,1147,2444,82,0,552,150,0,0,229,173,150,569,5905,11867,6839,17858,63,2851,38,0
2016,2016-2017,Sunderland,29,69,2,12,387,5,5,0,25,25,3,0,0,1,11,16,19,18,19,119,136,132,318,508,159,4,4,0,0,39.684210526316,12356,8971,72.604402719327,4800,4146,86.375,8172,4951,60.58492413118,1550,659,42.516129032258,616,126,20.454545454545,6,631,545,176,7,8,4,4,1172,5,0,3850,1935,50.25974025974,2653,1321,49.792687523558,1197,614,51.294903926483,1613,78,438,81,3,4,6.7632206759443,4708,9236,6813,15832,42,61,42,938,249,217,921,560,346,4,7,18,444,521,1211,2410,59,1,675,171,0,0,256,248,171,578,6427,12534,7509,19122,58,1844,38,0
